Trans. Date,Post Date,Description,Amount,Category
04/09/2023,04/10/2023,"FALAFEL HOUSE CAFE BALTIMORE MD",9.53,"Restaurants"
04/09/2023,04/10/2023,"WEIS MARKETS 228 TOWSON MD",43.13,"Supermarkets"
04/12/2023,04/12/2023,"INTERNET PAYMENT - THANK YOU",-741.33,"Payments and Credits"
04/14/2023,04/14/2023,"WEIS MARKETS 228 TOWSON MDAPPLE PAY ENDING IN 0159",3.99,"Supermarkets"
04/15/2023,04/15/2023,"HOMEGOODS #0573 TOWSON MD",8.47,"Merchandise"
04/15/2023,04/15/2023,"MACYS TOWSON TWN CTR TOWSON MD",75.04,"Department Stores"
04/15/2023,04/15/2023,"MARSHALLS #0052 TOWSON MD",18.01,"Merchandise"
04/15/2023,04/15/2023,"POPEYES 13789 TOWSON MD",10.59,"Restaurants"
04/15/2023,04/15/2023,"TARGET 00011429091 TOWSON MDAPPLE PAY ENDING IN 0159",3.49,"Supermarkets"
04/15/2023,04/15/2023,"TJMAXX #0395 TOWSON MD",24.36,"Merchandise"
04/16/2023,04/16/2023,"TJMAXX #0395 TOWSON MD",5.08,"Merchandise"
04/16/2023,04/16/2023,"WALMART SC 05344 TOWSON MD",11.58,"Merchandise"
04/18/2023,04/18/2023,"WEIS MARKETS 228 TOWSON MDAPPLE PAY ENDING IN 0159",3.99,"Supermarkets"
04/20/2023,04/20/2023,"AMTRAK EAST CAFE Q12 WASHINGTON DC",8.50,"Restaurants"
04/20/2023,04/20/2023,"FOOD LION #1573 RALEIGH NC02003R",19.47,"Supermarkets"
04/20/2023,04/20/2023,"POPEYES 12729 RALEIGH NC",11.35,"Restaurants"
04/20/2023,04/20/2023,"UBER TRIP 866-576-1039 CA",20.92,"Travel/ Entertainment"
04/21/2023,04/21/2023,"MECCA MARKET RALEIGH NC",66.57,"Supermarkets"
04/22/2023,04/22/2023,"FOOD LION #1573 RALEIGH NC02287R",21.42,"Supermarkets"
04/23/2023,04/23/2023,"MECCA MARKET RALEIGH NC",21.29,"Supermarkets"
04/25/2023,04/25/2023,"AVIS.COM PREPAY 800-352-7900 VA",374.33,"Travel/ Entertainment"
04/26/2023,04/26/2023,"FOOD LION #1573 RALEIGH NC02608R",19.22,"Supermarkets"
04/27/2023,04/27/2023,"DINING MICROS RALEIGH NC",6.42,"Education"
04/28/2023,04/28/2023,"MARATHON PETRO108423 RICHFIELD NC",5.66,"Gasoline"
04/29/2023,04/29/2023,"FOOD LION #1573 RALEIGH NCAPPLE PAY ENDING IN 015902936R",5.03,"Supermarkets"
04/29/2023,04/29/2023,"MI BARRIO H LATIN GRILL CHARLOTTE NC",34.30,"Restaurants"
04/29/2023,04/29/2023,"SPEEDWAY 06986 3912 WERN RALEIGH NC",20.00,"Gasoline"
04/29/2023,04/29/2023,"SQ *JASMIN & OLIVZ MED RALEIGH NC0002305843017494787594",14.93,"Restaurants"
04/30/2023,04/30/2023,"SHELL12762088008 RALEIGH NC",54.09,"Gasoline"
04/30/2023,04/30/2023,"SUPERCENTER 01372 RALEIGH NC",25.73,"Merchandise"
05/01/2023,05/01/2023,"KABAB AND CURRY RALEIGH NC",28.00,"Restaurants"
05/01/2023,05/01/2023,"THE UPS STORE 7347 RALEIGH NC",1.58,"Services"
05/02/2023,05/02/2023,"AVIS RENT-A-CAR 800-352-7900 NC",239.75,"Travel/ Entertainment"
05/02/2023,05/02/2023,"MOUNT EVEREST FOOD INC TOWSON MD",21.98,"Supermarkets"
05/02/2023,05/02/2023,"PIKESVILLE CMF BALTIMORE MD",55.42,"Gasoline"
05/02/2023,05/02/2023,"SQ *BABA'S HALAL TOWSON MD0002305843017508924167",9.54,"Restaurants"
05/02/2023,05/02/2023,"WEIS MARKETS 228 TOWSON MD",62.42,"Supermarkets"
05/03/2023,05/03/2023,"365 MARKET FP TROY MI",1.48,"Restaurants"
05/03/2023,05/03/2023,"365 MARKET FP TROY MI",4.92,"Restaurants"
05/03/2023,05/03/2023,"WEIS MARKETS 228 TOWSON MDAPPLE PAY ENDING IN 0159",4.49,"Supermarkets"
05/04/2023,05/04/2023,"365 MARKET FP TROY MIAPPLE PAY ENDING IN 0159",1.48,"Restaurants"
05/04/2023,05/04/2023,"365 MARKET FP TROY MIAPPLE PAY ENDING IN 0159",8.53,"Restaurants"
05/04/2023,05/04/2023,"NAYAX VENDING 1 HUNT VALLEY MD",1.35,"Restaurants"
05/05/2023,05/05/2023,"ACTIV N FIT 402-935-7733 CA",28.00,"Travel/ Entertainment"
05/05/2023,05/05/2023,"CHARMPASS - UNDERTEN 866-255-0250 OR",2.00,"Travel/ Entertainment"
05/05/2023,05/05/2023,"INTERNET PAYMENT - THANK YOU",-1312.52,"Payments and Credits"
05/06/2023,05/06/2023,"COLDSTONE #23555 TOWSON MD",13.75,"Restaurants"
05/06/2023,05/06/2023,"LYFT *RIDE FRI 6PM 8552800278 CAAPPLE PAY ENDING IN 0159",21.99,"Travel/ Entertainment"
05/06/2023,05/06/2023,"WEIS MARKETS 228 TOWSON MDAPPLE PAY ENDING IN 0159",92.61,"Supermarkets"
05/07/2023,05/07/2023,"BROW ART 23 TOWSON MD",30.00,"Services"
05/07/2023,05/07/2023,"PANERA BREAD #203560 P TOWSON MD00721R",23.58,"Restaurants"
05/07/2023,05/07/2023,"TARGET 00011429091 TOWSON MD",60.51,"Supermarkets"
05/09/2023,05/10/2023,"365 MARKET FP TROY MIAPPLE PAY ENDING IN 0159",1.48,"Restaurants"
05/09/2023,05/10/2023,"365 MARKET FP TROY MIAPPLE PAY ENDING IN 0159",7.89,"Restaurants"
05/09/2023,05/10/2023,"SPROUTS FARMERS MARKET TOWSON MD",16.69,"Supermarkets"
05/09/2023,05/10/2023,"TARGET 00011429091 TOWSON MD",4.98,"Supermarkets"
05/09/2023,05/10/2023,"WEIS MARKETS 228 TOWSON MDAPPLE PAY ENDING IN 0159",23.34,"Supermarkets"
05/09/2023,05/10/2023,"WEIS MARKETS 228 TOWSON MDAPPLE PAY ENDING IN 0159",33.20,"Supermarkets"
05/10/2023,05/10/2023,"HERITAGE HONDA BALTIMORE MD",500.00,"Automotive"
05/11/2023,05/11/2023,"MARSHALLS #0052 TOWSON MD",24.89,"Merchandise"
05/11/2023,05/11/2023,"WEIS MARKETS 228 TOWSON MD",58.16,"Supermarkets"
05/12/2023,05/12/2023,"CINEMARK THEATRES 1072 TOWSON MDAPPLE PAY ENDING IN 015910720041D376",11.93,"Travel/ Entertainment"
05/12/2023,05/12/2023,"NANDOS 2122600895 MDAPPLE PAY ENDING IN 0159",18.75,"Restaurants"
05/13/2023,05/13/2023,"CNK*CINEMARK.COM 1072 800-246-3627 MD10720041D22F",32.14,"Travel/ Entertainment"
05/13/2023,05/13/2023,"ETOLL AVIS U424045926 800-482-0159 NC",7.65,"Travel/ Entertainment"
05/13/2023,05/13/2023,"UBER TRIP 866-576-1039 CA",8.58,"Travel/ Entertainment"
05/14/2023,05/14/2023,"LYFT RIDE SAT 12AM 855-865-9553 CAAPPLE PAY ENDING IN 0159",6.98,"Travel/ Entertainment"
05/15/2023,05/15/2023,"365 MARKET FP TROY MIAPPLE PAY ENDING IN 0159",7.63,"Restaurants"
05/15/2023,05/15/2023,"WEIS MARKETS 228 TOWSON MD",37.94,"Supermarkets"
05/16/2023,05/16/2023,"CINEMARK THEATRES 1072 TOWSON MD10720041EDAF",13.02,"Travel/ Entertainment"
05/16/2023,05/16/2023,"MVA PARKVILLE 800-1234567 MD",6.00,"Government Services"
05/16/2023,05/16/2023,"UBER* TRIP 8665761039 CA",8.58,"Travel/ Entertainment"
05/17/2023,05/17/2023,"CINEMARK MOVIE CLUB 800-246-3627 TX37250083",10.99,"Travel/ Entertainment"
05/17/2023,05/17/2023,"CNK*CINEMARK.COM 1072 800-246-3627 MD10720041EC0A",12.66,"Travel/ Entertainment"
05/17/2023,05/17/2023,"WEIS MARKETS 228 TOWSON MDAPPLE PAY ENDING IN 0159",43.49,"Supermarkets"
05/18/2023,05/18/2023,"UBER TRIP 866-576-1039 CA",20.90,"Travel/ Entertainment"
05/19/2023,05/19/2023,"FALAFEL HOUSE CAFE BALTIMORE MD",19.06,"Restaurants"
05/19/2023,05/19/2023,"FIVE BELOW 254 TOWSON MD",3.71,"Merchandise"
05/19/2023,05/19/2023,"TJMAXX #0395 TOWSON MD",61.06,"Merchandise"
05/20/2023,05/20/2023,"CINEMARK THEATRES 1072 TOWSON MD107200420868",14.62,"Travel/ Entertainment"
05/20/2023,05/20/2023,"UBER* TRIP 8665761039 CA",8.58,"Travel/ Entertainment"
05/20/2023,05/20/2023,"WEIS MARKETS 228 TOWSON MDAPPLE PAY ENDING IN 0159",34.62,"Supermarkets"
05/21/2023,05/21/2023,"CNK*CINEMARK.COM 1072 800-246-3627 MD10720042007A",18.15,"Travel/ Entertainment"
05/21/2023,05/21/2023,"FIVE BELOW 254 TOWSON MDAPPLE PAY ENDING IN 0159",2.12,"Merchandise"
05/21/2023,05/21/2023,"LYFT RIDE SUN 12AM 855-865-9553 CAAPPLE PAY ENDING IN 0159",6.89,"Travel/ Entertainment"
05/21/2023,05/21/2023,"PANERA BREAD #203560 P TOWSON MDAPPLE PAY ENDING IN 015902175R",13.45,"Restaurants"
05/21/2023,05/21/2023,"TARGET 00011429091 TOWSON MDAPPLE PAY ENDING IN 0159",32.89,"Supermarkets"
05/21/2023,05/21/2023,"TJMAXX #0395 TOWSON MDAPPLE PAY ENDING IN 0159",32.41,"Merchandise"
05/21/2023,05/21/2023,"WEIS MARKETS 228 TOWSON MDAPPLE PAY ENDING IN 0159",16.63,"Supermarkets"
05/22/2023,05/22/2023,"BURLINGTON STORES 1107 TOWSON MD",58.04,"Merchandise"
05/22/2023,05/22/2023,"HERITAGE HYUNDAI TOWSON BALTIMORE MD",1000.00,"Automotive"
05/23/2023,05/23/2023,"CASHBACK BONUS REDEMPTION PYMT/STMT CRDT",-37.64,"Awards and Rebate Credits"
05/23/2023,05/23/2023,"INTERNET PAYMENT - THANK YOU",-257.05,"Payments and Credits"
05/24/2023,05/24/2023,"WEIS MARKETS 228 TOWSON MD",7.99,"Supermarkets"
05/24/2023,05/24/2023,"WEIS MARKETS 228 TOWSON MD",19.06,"Supermarkets"
05/25/2023,05/25/2023,"WEIS MARKETS 228 TOWSON MD",21.64,"Supermarkets"
05/25/2023,05/26/2023,"HERITAGE HONDA BALTIMORE MD",-500.00,"Payments and Credits"
05/26/2023,05/26/2023,"EXXONMOBIL TOWSON MD",40.96,"Gasoline"
05/26/2023,05/26/2023,"INTERNATIONAL GROCERY BALTIMORE MD",66.83,"Supermarkets"
05/26/2023,05/26/2023,"WEIS MARKETS 228 TOWSON MD",16.46,"Supermarkets"
05/27/2023,05/27/2023,"APPLE.COM/BILL 866-712-7753 CAMN0BSHNKFMA0",6.35,"Merchandise"
05/27/2023,05/27/2023,"AUTOZONE 5981 TOWSON MD",2.64,"Automotive"
05/27/2023,05/27/2023,"DOLLAR TREE TOWSON MD",1.33,"Merchandise"
05/28/2023,05/28/2023,"WEIS MARKETS 228 TOWSON MDAPPLE PAY ENDING IN 0159",69.25,"Supermarkets"
05/30/2023,05/30/2023,"DUNKIN #341430 Q35 OWINGS MILLS MD",9.51,"Restaurants"
05/31/2023,05/31/2023,"WEIS MARKETS 228 TOWSON MD",36.31,"Supermarkets"
06/01/2023,06/01/2023,"BAYNESVILLE BICYCLE SHOP PARKVILLE MD",71.48,"Merchandise"
06/01/2023,06/01/2023,"DOLLAR TREE TOWSON MD",10.60,"Merchandise"
06/01/2023,06/01/2023,"WEIS MARKETS 228 TOWSON MDAPPLE PAY ENDING IN 0159",17.47,"Supermarkets"
06/02/2023,06/02/2023,"CINEMARK THEATRES 1072 TOWSON MDAPPLE PAY ENDING IN 01591072004277EA",8.99,"Travel/ Entertainment"
06/03/2023,06/03/2023,"LA CUCHARA BALTIMORE MD",12.80,"Restaurants"
06/03/2023,06/03/2023,"SQ *PRIGEL FAMILY CREA GLEN ARM MD0002305843017724476721",14.10,"Supermarkets"
06/03/2023,06/03/2023,"TARGET 00011429091 TOWSON MDAPPLE PAY ENDING IN 0159",10.26,"Supermarkets"
06/03/2023,06/03/2023,"WEIS MARKETS 228 TOWSON MD",9.78,"Supermarkets"
06/04/2023,06/04/2023,"TMOBILE*AUTO PAY 800-937-8997 WA5063643858",126.88,"Services"
06/05/2023,06/05/2023,"ACTIV N FIT 402-935-7733 CA",28.00,"Travel/ Entertainment"
06/05/2023,06/05/2023,"TARGET 00011429091 TOWSON MD",38.54,"Supermarkets"
06/06/2023,06/06/2023,"SPROUTS FARMERS MARKET TOWSON MDAPPLE PAY ENDING IN 0159",35.99,"Supermarkets"
06/06/2023,06/06/2023,"SQ *PRIGEL FAMILY CREA GLEN ARM MD0002305843017739683343",14.10,"Supermarkets"
06/06/2023,06/06/2023,"WEIS MARKETS 228 TOWSON MD",2.59,"Supermarkets"
06/07/2023,06/07/2023,"WEIS MARKETS 228 TOWSON MD",4.49,"Supermarkets"
06/08/2023,06/10/2023,"WEIS MARKETS 228 TOWSON MD",27.54,"Supermarkets"
06/09/2023,06/10/2023,"PARKMOBILE 770-818-9036 GAAPPLE PAY ENDING IN 0159704501469",1.00,"Services"
06/09/2023,06/10/2023,"SYRIANOS CAFE BALTIMORE MDAPPLE PAY ENDING IN 0159",9.53,"Restaurants"
06/10/2023,06/10/2023,"INTERNATIONAL GROCERY BALTIMORE MD",102.64,"Supermarkets"
06/10/2023,06/10/2023,"WEIS MARKETS 228 TOWSON MD",83.13,"Supermarkets"
06/11/2023,06/11/2023,"BLTMR CNTY REV AUTHORI TOWSON MD",2.00,"Services"
06/11/2023,06/11/2023,"CINEMARK THEATRES 1072 TOWSON MD10720042DFF9",5.30,"Travel/ Entertainment"
06/11/2023,06/11/2023,"MACYS TOWSON TWN CTR TOWSON MD",12.70,"Department Stores"
06/11/2023,06/11/2023,"SQ *RIO JUICE BAR TOWSON MD0002305843017775328839",6.89,"Restaurants"
06/11/2023,06/11/2023,"TM *FEDEXFIELD PARKING 800-653-8000 CAWDC/41-44917",75.35,"Travel/ Entertainment"
06/11/2023,06/11/2023,"WEIS MARKETS 228 TOWSON MD",33.82,"Supermarkets"
06/12/2023,06/12/2023,"CNK*CINEMARK.COM 1072 800-246-3627 MD10720042DDD6",21.98,"Travel/ Entertainment"
06/14/2023,06/14/2023,"GIANT 0353 TOWSON MD01403R",17.16,"Supermarkets"
06/14/2023,06/14/2023,"INTERNET PAYMENT - THANK YOU",-2444.50,"Payments and Credits"
06/14/2023,06/14/2023,"TARGET 00011429091 TOWSON MD",2.43,"Supermarkets"
06/14/2023,06/14/2023,"TJMAXX #0395 TOWSON MD",38.97,"Merchandise"
06/15/2023,06/15/2023,"WEIS MARKETS 228 TOWSON MD",36.52,"Supermarkets"
06/16/2023,06/16/2023,"365 MARKET FP TROY MIAPPLE PAY ENDING IN 0159",1.48,"Restaurants"
06/16/2023,06/16/2023,"365 MARKET FP TROY MIAPPLE PAY ENDING IN 0159",4.65,"Restaurants"
06/16/2023,06/16/2023,"BLACK & DECKER US INC 443-375-8401 MD",96.46,"Home Improvement"
06/17/2023,06/17/2023,"BLTMR CNTY REV AUTHORI TOWSON MD",3.00,"Services"
06/17/2023,06/17/2023,"CINEMARK MOVIE CLUB 800-246-3627 TX38341191",10.99,"Travel/ Entertainment"
06/17/2023,06/17/2023,"CINEMARK THEATRES 1072 TOWSON MD1072004318C1",8.48,"Travel/ Entertainment"
06/17/2023,06/17/2023,"CINEMARK THEATRES 1072 TOWSON MD107200431858",10.99,"Travel/ Entertainment"
06/17/2023,06/17/2023,"DAMASKINO MARKET PARKVILLE MD",17.98,"Supermarkets"
06/17/2023,06/17/2023,"GOVANS CF BALTIMORE MD",37.71,"Gasoline"
06/17/2023,06/17/2023,"LOWE'S OF TOWSON, MD PARKVILLE MD",36.00,"Home Improvement"
06/17/2023,06/17/2023,"NANDO S PERI PERI TOWSON TOWSON MD",15.25,"Restaurants"
06/18/2023,06/18/2023,"MOS FISHERMANS EXCHANGE BALTIMORE MD",25.00,"Restaurants"
06/18/2023,06/18/2023,"WEIS MARKETS 228 TOWSON MD",15.74,"Supermarkets"
06/19/2023,06/19/2023,"APPLE.COM/BILL 866-712-7753 CAMN0BV8V870A0",11.65,"Merchandise"
06/19/2023,06/19/2023,"BEST BUY MH00014365295 OWINGS MILLS MD",68.89,"Merchandise"
06/19/2023,06/19/2023,"BURLINGTON STORES 1107 TOWSON MD",3.17,"Merchandise"
06/20/2023,06/20/2023,"WEIS MARKETS 228 TOWSON MD",16.00,"Supermarkets"
06/20/2023,06/20/2023,"WEIS MARKETS 228 TOWSON MD",25.00,"Supermarkets"
06/21/2023,06/21/2023,"365 MARKET FP TROY MI",1.48,"Restaurants"
06/21/2023,06/21/2023,"365 MARKET FP TROY MI",9.53,"Restaurants"
06/21/2023,06/21/2023,"NAYAX VENDING 1 HUNT VALLEY MD",1.60,"Restaurants"
06/22/2023,06/22/2023,"2887 GREAT CLIPS AT NORT PARKVILLE MD",28.02,"Services"
06/22/2023,06/22/2023,"365 MARKET FP TROY MIAPPLE PAY ENDING IN 0159",3.28,"Restaurants"
06/22/2023,06/22/2023,"365 MARKET FP TROY MIAPPLE PAY ENDING IN 0159",5.29,"Restaurants"
06/22/2023,06/22/2023,"MACYS TOWSON TWN CTR TOWSON MD",21.19,"Department Stores"
06/22/2023,06/22/2023,"TARGET 00011429091 TOWSON MD",20.25,"Supermarkets"
06/22/2023,06/22/2023,"WEIS MARKETS 228 TOWSON MD",11.79,"Supermarkets"
06/23/2023,06/23/2023,"365 MARKET FP TROY MIAPPLE PAY ENDING IN 0159",1.48,"Restaurants"
06/23/2023,06/23/2023,"AIRBNB HMH9R2YJR4 855-424-7262 CA",336.11,"Travel/ Entertainment"
06/24/2023,06/24/2023,"2LEVY@FEDEXFIELD HYATTSVILLE MD",7.95,"Travel/ Entertainment"
06/24/2023,06/24/2023,"2LEVY@FEDEXFIELD HYATTSVILLE MD",9.54,"Travel/ Entertainment"
06/24/2023,06/24/2023,"2LEVY@FEDEXFIELDMG HYATTSVILLE MD",13.25,"Restaurants"
06/24/2023,06/24/2023,"AIRBNB HM3QHF3A4H 855-424-7262 CA",231.37,"Travel/ Entertainment"
06/24/2023,06/24/2023,"CONCERT MERCHANDISE DAVIDSONVILLEMD",132.50,"Merchandise"
06/25/2023,06/25/2023,"MARSHALLS #0052 TOWSON MD",26.49,"Merchandise"
06/25/2023,06/25/2023,"NIKEPOSUS STORE00405 BALTIMORE MD",52.99,"Merchandise"
06/25/2023,06/25/2023,"WEIS MARKETS 228 TOWSON MD",28.38,"Supermarkets"
06/26/2023,06/26/2023,"365 MARKET FP TROY MI",5.08,"Restaurants"
06/26/2023,06/26/2023,"COLDSTONE #2025 NOTTINGHAM MD",8.75,"Restaurants"
06/27/2023,06/27/2023,"RAISING CANES 0869 MOB 972-769-3100 MD9285010563612672",9.74,"Restaurants"
06/28/2023,06/28/2023,"DPJ*ICOM OWINGS MILLS MD",20.91,"Services"
06/28/2023,06/28/2023,"GLOBAL STORE LLC REISTERSTOWN MD",27.46,"Supermarkets"
06/28/2023,06/28/2023,"LULULEMON TOWSONCENTER TOWSON MD02885R",40.28,"Merchandise"
06/28/2023,06/28/2023,"SQ *BABA'S HALAL TOWSON MD0002305843017886832277",10.87,"Restaurants"
06/29/2023,06/29/2023,"REGAL CINEMAS INC 865-922-1123 TN",36.86,"Travel/ Entertainment"
06/29/2023,06/29/2023,"WEIS MARKETS 228 TOWSON MD",3.69,"Supermarkets"
06/30/2023,06/30/2023,"MARATHON PETRO21246 TOWSON MD",31.33,"Gasoline"
06/30/2023,06/30/2023,"WEIS MARKETS 228 TOWSON MDAPPLE PAY ENDING IN 0159",3.50,"Supermarkets"
07/01/2023,07/01/2023,"MACYS CENTER CITY PHILADELPHIA PA",13.10,"Department Stores"
07/01/2023,07/01/2023,"MACYS CENTER CITY PHILADELPHIA PA",61.20,"Department Stores"
07/01/2023,07/01/2023,"PAPRICA MODERN MEDITERRA PHILADELPHIA PA",44.00,"Restaurants"
07/01/2023,07/01/2023,"SQ *BUZZETTA FOODS INC PHILADELPHIA PA0002305843017907321109",15.99,"Restaurants"
07/01/2023,07/01/2023,"YELLOW FRONT MARKET PHILADELPHIA PA",16.82,"Supermarkets"
07/02/2023,07/02/2023,"BURLINGTON STORES 431 PHILADELPHIA PA",9.71,"Merchandise"
07/02/2023,07/02/2023,"DRIVEEZMD REBILL 5555555555 MD",25.00,"Travel/ Entertainment"
07/02/2023,07/02/2023,"SUPERCENTER 03212 EGG HBR TWP NJ",29.45,"Merchandise"
07/03/2023,07/03/2023,"NIZAMS MEDITERRANEAN CUS EGG HARBOR TONJ",60.00,"Restaurants"
07/03/2023,07/03/2023,"WALMART SC 03212 EGG HBR TOWNSNJ",23.31,"Merchandise"
07/03/2023,07/03/2023,"WAWA 947 EGG HARBOR TWNJ",3.19,"Gasoline"
07/04/2023,07/04/2023,"NIZAMS MEDITERRANEAN CUS EGG HARBOR TONJ",12.78,"Restaurants"
07/04/2023,07/04/2023,"SQ *AC SHIRTS ATLANTIC CITYNJ0002305843017927625318",59.91,"Merchandise"
07/04/2023,07/04/2023,"SUNOCO 0547584300 HAMMONTON NJ",35.32,"Gasoline"
07/04/2023,07/04/2023,"TMOBILE*AUTO PAY 800-937-8997 WA5113249798",133.96,"Services"
07/05/2023,07/05/2023,"365 MARKET FP TROY MIAPPLE PAY ENDING IN 0159",6.87,"Restaurants"
07/05/2023,07/05/2023,"ACTIV N FIT 402-935-7733 CA",28.00,"Travel/ Entertainment"
07/05/2023,07/05/2023,"AVIS RENT-A-CAR PHILADELPHIA PA",516.60,"Travel/ Entertainment"
07/05/2023,07/05/2023,"EXXONMOBIL TOWSON MD",13.47,"Gasoline"
07/05/2023,07/05/2023,"LA RICURA RESTAURANT PLEASANTVILLENJ",29.79,"Restaurants"
07/05/2023,07/05/2023,"POPEYES 13789 TOWSON MD",7.41,"Restaurants"
07/06/2023,07/06/2023,"365 MARKET FP TROY MIAPPLE PAY ENDING IN 0159",1.48,"Restaurants"
07/06/2023,07/06/2023,"365 MARKET FP TROY MIAPPLE PAY ENDING IN 0159",8.79,"Restaurants"
07/06/2023,07/06/2023,"WEIS MARKETS 228 TOWSON MDAPPLE PAY ENDING IN 9243",4.00,"Supermarkets"
07/07/2023,07/07/2023,"INTERNET PAYMENT - THANK YOU",-2444.50,"Payments and Credits"
07/07/2023,07/07/2023,"WEIS MARKETS 228 TOWSON MDAPPLE PAY ENDING IN 9243",52.33,"Supermarkets"
07/08/2023,07/08/2023,"WALMART SC 05344 TOWSON MD",29.34,"Merchandise"
07/08/2023,07/10/2023,"MARSHALLS #0052 TOWSON MD",18.01,"Merchandise"
07/09/2023,07/10/2023,"BURLINGTON STORES 1107 TOWSON MD",5.29,"Merchandise"
07/09/2023,07/10/2023,"MACYS TOWSON TWN CTR TOWSON MD",84.53,"Department Stores"
07/09/2023,07/10/2023,"NORDSTROM-RACK #0627 TOWSON MD",37.04,"Department Stores"
07/09/2023,07/10/2023,"SEPHORA TOWSON TOWSON MD01520004091197",28.62,"Merchandise"
07/09/2023,07/10/2023,"SQ *BABA'S HALAL TOWSON MD0002305843017963612396",16.96,"Restaurants"
07/09/2023,07/10/2023,"WEIS MARKETS 228 TOWSON MDAPPLE PAY ENDING IN 0159",9.67,"Supermarkets"
07/10/2023,07/10/2023,"THE FRESH MARKET 129 TOWSON MD",11.35,"Supermarkets"
07/10/2023,07/10/2023,"THE UPS STORE 3326 TOWSON MD",13.98,"Services"
07/12/2023,07/12/2023,"APPLE.COM/BILL 866-712-7753 CAMN0BX2MHFSA0",6.35,"Merchandise"
07/12/2023,07/12/2023,"TJMAXX #0395 TOWSON MD",59.49,"Merchandise"
07/12/2023,07/12/2023,"WEIS MARKETS 228 TOWSON MD",44.37,"Supermarkets"
07/13/2023,07/13/2023,"BURLINGTON STORES 1107 TOWSON MD",15.88,"Merchandise"
07/13/2023,07/13/2023,"THE FRESH MARKET 129 TOWSON MDAPPLE PAY ENDING IN 0159",21.34,"Supermarkets"
07/14/2023,07/14/2023,"CINEMARK THEATRES 1072 TOWSON MD10720043FCA3",9.54,"Travel/ Entertainment"
07/15/2023,07/15/2023,"CNK*CINEMARK.COM 1072 800-246-3627 MD10720043F84A",21.98,"Travel/ Entertainment"
07/15/2023,07/15/2023,"LYFT 1 RIDE 07-14 855-865-9553 CAAPPLE PAY ENDING IN 0159",6.82,"Travel/ Entertainment"
07/15/2023,07/15/2023,"SPROUTS FARMERS MARKET TOWSON MDAPPLE PAY ENDING IN 0159",6.99,"Supermarkets"
07/15/2023,07/15/2023,"WEIS MARKETS 228 TOWSON MDAPPLE PAY ENDING IN 0159",27.25,"Supermarkets"
07/16/2023,07/16/2023,"MARSHALLS #0052 TOWSON MD",97.45,"Merchandise"
07/16/2023,07/16/2023,"WEIS MARKETS 228 TOWSON MD",25.83,"Supermarkets"
07/17/2023,07/17/2023,"CINEMARK MOVIE CLUB 800-246-3627 TX39447865",10.99,"Travel/ Entertainment"
07/18/2023,07/18/2023,"APPLE.COM/BILL 866-712-7753 CAMN0BXMJTJ7A0",4.23,"Merchandise"
07/21/2023,07/21/2023,"365 MARKET FP TROY MI",6.77,"Restaurants"
07/21/2023,07/21/2023,"CNK*CINEMARK.COM 1072 800-246-3627 MD107200442C4E",10.99,"Travel/ Entertainment"
07/21/2023,07/21/2023,"MICROSOFT*XBOX MSBILL.INFO WA",1.06,"Merchandise"
07/21/2023,07/21/2023,"SYRIANOS CAFE BALTIMORE MDAPPLE PAY ENDING IN 0159",9.53,"Restaurants"
07/21/2023,07/21/2023,"THE FRESH MARKET 129 TOWSON MDAPPLE PAY ENDING IN 0159",13.98,"Supermarkets"
07/21/2023,07/21/2023,"WEIS MARKETS 228 TOWSON MDAPPLE PAY ENDING IN 0159",94.82,"Supermarkets"
07/22/2023,07/22/2023,"APPLE.COM/BILL 866-712-7753 CAMN0BY2TG8TA0",4.23,"Merchandise"
07/22/2023,07/22/2023,"INTERNET PAYMENT - THANK YOU",-823.68,"Payments and Credits"
07/22/2023,07/22/2023,"MICROSOFT XBOX REDMOND WA",5.29,"Services"
07/22/2023,07/22/2023,"SUPERCENTER 05344 TOWSON MD",3.87,"Merchandise"
07/22/2023,07/22/2023,"U-HAUL ON-LINE STORE BOX 800-789-3638 AZ",42.75,"Merchandise"
07/22/2023,07/23/2023,"CNK*CINEMARK.COM 1072 800-246-3627 MD10720044384C",-10.99,"Payments and Credits"
07/23/2023,07/23/2023,"BOURBON WILD GRILL #0059 TOWSON MD",10.17,"Restaurants"
07/23/2023,07/23/2023,"LENSCRAFTERS 0576 TOWSON MD",39.00,"Medical Services"
07/23/2023,07/23/2023,"WEIS MARKETS 228 TOWSON MD",10.77,"Supermarkets"
07/24/2023,07/24/2023,"BOURBON WILD GRILL #0059 TOWSON MD",6.35,"Restaurants"
07/24/2023,07/24/2023,"CINEMARK THEATRES 1072 TOWSON MD1072004468F3",14.42,"Travel/ Entertainment"
07/24/2023,07/24/2023,"SQ *BABA'S HALAL TOWSON MD0002305843018061117756",12.72,"Restaurants"
07/24/2023,07/24/2023,"WEIS MARKETS 228 TOWSON MD",27.79,"Supermarkets"
07/25/2023,07/25/2023,"CNK*CINEMARK.COM 1072 800-246-3627 MD10720044653A",19.26,"Travel/ Entertainment"
07/25/2023,07/25/2023,"LYFT 1 RIDE 07-24 855-865-9553 CAAPPLE PAY ENDING IN 0159",6.85,"Travel/ Entertainment"
07/27/2023,07/27/2023,"AIRBNB HM2JDC2XCW 855-424-7262 CA",213.57,"Travel/ Entertainment"
07/27/2023,07/27/2023,"WEIS MARKETS 228 TOWSON MDAPPLE PAY ENDING IN 0159",28.09,"Supermarkets"
07/28/2023,07/28/2023,"CINEMARK THEATRES 1072 TOWSON MD107200449CD5",10.81,"Travel/ Entertainment"
07/28/2023,07/28/2023,"WEIS MARKETS 228 TOWSON MDAPPLE PAY ENDING IN 9243",3.50,"Supermarkets"
07/29/2023,07/29/2023,"CHARMPASS - UNDERTEN 866-255-0250 OR",4.00,"Travel/ Entertainment"
07/29/2023,07/29/2023,"CNK*CINEMARK.COM 1072 800-246-3627 MD1072004492E6",10.99,"Travel/ Entertainment"
07/29/2023,07/29/2023,"CNK*CINEMARK.COM 1072 800-246-3627 MD1072004492E8",29.14,"Travel/ Entertainment"
07/29/2023,07/29/2023,"LYFT 1 RIDE 07-28 855-865-9553 CAAPPLE PAY ENDING IN 0159",8.19,"Travel/ Entertainment"
07/29/2023,07/29/2023,"TJMAXX #0395 TOWSON MD",36.16,"Merchandise"
07/30/2023,07/30/2023,"LYFT 1 RIDE 07-29 855-865-9553 CAAPPLE PAY ENDING IN 0159",7.69,"Travel/ Entertainment"
07/30/2023,07/30/2023,"MARSHALLS #0052 TOWSON MD",13.77,"Merchandise"
07/30/2023,07/30/2023,"WEIS MARKETS 228 TOWSON MD",51.64,"Supermarkets"
07/31/2023,07/31/2023,"365 MARKET FP TROY MIAPPLE PAY ENDING IN 0159",1.48,"Restaurants"
07/31/2023,07/31/2023,"365 MARKET FP TROY MIAPPLE PAY ENDING IN 0159",6.70,"Restaurants"
08/01/2023,08/01/2023,"365 MARKET FP TROY MIAPPLE PAY ENDING IN 0159",9.52,"Restaurants"
08/02/2023,08/02/2023,"SYRIANOS CAFE BALTIMORE MDAPPLE PAY ENDING IN 0159",14.62,"Restaurants"
08/03/2023,08/03/2023,"365 MARKET FP TROY MIAPPLE PAY ENDING IN 0159",6.36,"Restaurants"
08/03/2023,08/03/2023,"365 MARKET FP TROY MIAPPLE PAY ENDING IN 0159",7.41,"Restaurants"
08/03/2023,08/03/2023,"WEIS MARKETS 228 TOWSON MD",19.98,"Supermarkets"
08/04/2023,08/04/2023,"SYRIANOS CAFE BALTIMORE MDAPPLE PAY ENDING IN 0159",19.06,"Restaurants"
08/05/2023,08/05/2023,"ACTIV N FIT 402-935-7733 CA",28.00,"Travel/ Entertainment"
08/05/2023,08/05/2023,"HUGHES OCEANIC LUTHERVILLE MD",20.02,"Gasoline"
08/05/2023,08/05/2023,"MALAV ENTERPRISE 800-789-3638 MD",72.82,"Travel/ Entertainment"
08/05/2023,08/06/2023,"CNK*CINEMARK.COM 1072 800-246-3627 MD10720044E1DC",-10.99,"Payments and Credits"
08/06/2023,08/06/2023,"LYFT 2 RIDES 08-05 855-865-9553 CAAPPLE PAY ENDING IN 0159",28.64,"Travel/ Entertainment"
08/06/2023,08/06/2023,"SAFEWAY 2979 TOWSON MDAPPLE PAY ENDING IN 0159",37.64,"Supermarkets"
08/06/2023,08/06/2023,"TOWSON DINER TOWSON MD",50.00,"Restaurants"
08/07/2023,08/07/2023,"365 MARKET FP TROY MIAPPLE PAY ENDING IN 0159",1.79,"Restaurants"
08/07/2023,08/07/2023,"365 MARKET FP TROY MIAPPLE PAY ENDING IN 0159",7.41,"Restaurants"
08/08/2023,08/10/2023,"SAFEWAY 2979 TOWSON MDAPPLE PAY ENDING IN 0159",56.66,"Supermarkets"
08/09/2023,08/10/2023,"CINEMARK THEATRES 1072 TOWSON MD10720045171B",5.51,"Travel/ Entertainment"
08/09/2023,08/10/2023,"GREYHOUND LOS ANGELES CAAPPLE PAY ENDING IN 0159",27.98,"Travel/ Entertainment"
08/09/2023,08/10/2023,"TJMAXX #0395 TOWSON MD",21.17,"Merchandise"
08/10/2023,08/10/2023,"APPLE.COM/BILL 866-712-7753 CAMN0BZL5KL4A0",0.99,"Merchandise"
08/10/2023,08/10/2023,"BURLINGTON STORES 1107 TOWSON MD",49.00,"Merchandise"
08/10/2023,08/10/2023,"CNK*CINEMARK.COM 1072 800-246-3627 MD10720045153A",10.99,"Travel/ Entertainment"
08/10/2023,08/10/2023,"INTERNET PAYMENT - THANK YOU",-1642.40,"Payments and Credits"
08/10/2023,08/10/2023,"MVA ESERVICES 410-7687299 MD",10.00,"Government Services"
08/10/2023,08/10/2023,"SAFEWAY 2979 TOWSON MDAPPLE PAY ENDING IN 0159",5.96,"Supermarkets"
08/10/2023,08/10/2023,"UBER TRIP 866-576-1039 CA",8.68,"Travel/ Entertainment"
08/11/2023,08/11/2023,"AG TRAVEL PLAZA 1000101 NEWARK DEAPPLE PAY ENDING IN 0159",11.98,"Supermarkets"
08/11/2023,08/11/2023,"APPLE STORE R063 TOWSON MD",30.74,"Merchandise"
08/11/2023,08/11/2023,"AUTOZONE #1882 PARKVILLE MD",41.33,"Automotive"
08/11/2023,08/11/2023,"CHARMPASS - UNDERTEN 866-255-0250 OR",2.00,"Travel/ Entertainment"
08/11/2023,08/11/2023,"FAULKNER COLLISION CENTE PHILADELPHIA PA",1000.00,"Automotive"
08/11/2023,08/11/2023,"LYFT 1 RIDE 08-10 855-865-9553 CAAPPLE PAY ENDING IN 0159",6.91,"Travel/ Entertainment"
08/11/2023,08/11/2023,"SAFEWAY 2979 TOWSON MD",26.52,"Supermarkets"
08/11/2023,08/11/2023,"SW AIR DALLAS TX",257.46,"Travel/ Entertainment"
08/12/2023,08/12/2023,"LYFT 1 RIDE 08-11 855-865-9553 CAAPPLE PAY ENDING IN 0159",16.81,"Travel/ Entertainment"
08/12/2023,08/12/2023,"POPEYES 2370 TAKOMA PARK MD",14.83,"Restaurants"
08/12/2023,08/12/2023,"SHELL10000581008 WASHINGTON DC",36.05,"Gasoline"
08/12/2023,08/12/2023,"SQ *BEIRUT BUTCHER VIENNA VA0002305843018192465830",31.78,"Travel/ Entertainment"
08/12/2023,08/12/2023,"SQ *MR. TWIST CATONSVILLE MD0002305843018193469279",19.08,"Restaurants"
08/12/2023,08/12/2023,"SQ *VAREESH LIBAS WINDSOR MILL MD0002305843018193057498",74.20,"Travel/ Entertainment"
08/12/2023,08/12/2023,"WEIS MARKETS 229 WOODLAWNMILL MD",8.92,"Supermarkets"
08/13/2023,08/13/2023,"LYFT 1 RIDE 08-12 855-865-9553 CAAPPLE PAY ENDING IN 0159",11.79,"Travel/ Entertainment"
08/13/2023,08/13/2023,"METRO SUPERMARKET WASHINGTON DC",16.03,"Supermarkets"
08/13/2023,08/13/2023,"SI NAT AIR & SPACE MUSEU WASHINGTON DC",15.00,"Services"
08/13/2023,08/13/2023,"TST* A BAKED JOINT WASHINGTON MD00019749013177166839AA",35.59,"Restaurants"
08/14/2023,08/14/2023,"SAFEWAY 2979 TOWSON MDAPPLE PAY ENDING IN 0159",9.35,"Supermarkets"
08/14/2023,08/14/2023,"TJMAXX #0395 TOWSON MD",12.70,"Merchandise"
08/15/2023,08/15/2023,"365 MARKET FP TROY MIAPPLE PAY ENDING IN 0159",8.06,"Restaurants"
08/15/2023,08/15/2023,"92549 - BWI HOURLY GARAG BALTIMORE MD",4.00,"Services"
08/15/2023,08/15/2023,"AMZN MKTP US*TO3NV1510 AMZN.COM/BILLWA4PIQWA7JNW9",36.03,"Merchandise"
08/15/2023,08/15/2023,"E-FILLIATE, INC. 800-592-7031 CA",29.66,"Merchandise"
08/16/2023,08/16/2023,"2887 GREAT CLIPS AT NORT PARKVILLE MD",22.00,"Services"
08/16/2023,08/16/2023,"SAFEWAY 2979 TOWSON MD",8.19,"Supermarkets"
08/16/2023,08/16/2023,"SP SBD ONLINE 7867634635 CT",72.03,"Merchandise"
08/17/2023,08/17/2023,"CINEMARK MOVIE CLUB 800-246-3627 TX40578591",10.99,"Travel/ Entertainment"
08/17/2023,08/17/2023,"INTERNATIONAL GROCERY BALTIMORE MD",70.29,"Supermarkets"
08/17/2023,08/17/2023,"INTERNET PAYMENT - THANK YOU",-1950.90,"Payments and Credits"
08/17/2023,08/17/2023,"MARATHON PETRO83873 BALTIMORE MD",38.17,"Gasoline"
08/17/2023,08/17/2023,"SAFEWAY 2979 TOWSON MD",39.62,"Supermarkets"
08/19/2023,08/19/2023,"DOLLAR TREE TOWSON MD",1.33,"Merchandise"
08/19/2023,08/19/2023,"WEIS MARKETS 123 BALTIMORE MD",10.38,"Supermarkets"
08/20/2023,08/20/2023,"ADVANCE AUTO PARTS #5214 BALTIMORE MD",5.08,"Automotive"
08/20/2023,08/20/2023,"SAFEWAY 2979 TOWSON MDAPPLE PAY ENDING IN 0159",82.06,"Supermarkets"
08/20/2023,08/20/2023,"THE HOME DEPOT #2504 PARKVILLE MD",42.15,"Home Improvement"
08/22/2023,08/22/2023,"365 MARKET FP TROY MIAPPLE PAY ENDING IN 0159",1.58,"Restaurants"
08/22/2023,08/22/2023,"MARSHALLS #0052 TOWSON MD",5.83,"Merchandise"
08/22/2023,08/22/2023,"MICROSOFT*ULTIMATE 1 M MSBILL.INFO WA",18.01,"Merchandise"
08/22/2023,08/22/2023,"NAYAX VENDING 1 HUNT VALLEY MD",1.35,"Restaurants"
08/22/2023,08/22/2023,"TARGET 00011429091 TOWSON MD",18.65,"Supermarkets"
08/25/2023,08/25/2023,"SYRIANOS CAFE BALTIMORE MD",9.53,"Restaurants"
08/26/2023,08/26/2023,"HOMEGOODS #0573 TOWSON MD",33.90,"Merchandise"
08/26/2023,08/26/2023,"SPROUTS FARMERS MARKET TOWSON MD",35.99,"Supermarkets"
08/26/2023,08/26/2023,"TARGET 00011429091 TOWSON MD",13.08,"Supermarkets"
08/27/2023,08/27/2023,"SAFEWAY 2979 TOWSON MD",56.79,"Supermarkets"
09/01/2023,09/01/2023,"EXXONMOBIL TOWSON MD",25.96,"Gasoline"
09/01/2023,09/01/2023,"FAS MART 101 CHATHAM VA",34.88,"Gasoline"
09/01/2023,09/01/2023,"MARATHON PETRO28373 GRETNA VA",1.50,"Gasoline"
09/01/2023,09/01/2023,"STORE CHATHAM VA",9.33,"Restaurants"
09/02/2023,09/02/2023,"AYM TOBACCO MART RALEIGH NC",5.41,"Merchandise"
09/02/2023,09/02/2023,"CATS PASS 704-432-0496 NCAPPLE PAY ENDING IN 0159",2.20,"Travel/ Entertainment"
09/02/2023,09/02/2023,"MECCA MARKET RALEIGH NC",40.19,"Supermarkets"
09/02/2023,09/02/2023,"MECCA MARKET RALEIGH NC",41.58,"Supermarkets"
09/02/2023,09/02/2023,"PENSKE TRK LSG 582821 RALEIGH NC",498.58,"Travel/ Entertainment"
09/03/2023,09/03/2023,"FOOD LION #2215 CHARLOTTE NC00377R",36.70,"Supermarkets"
09/03/2023,09/03/2023,"LIDL #1044 FREDERICKSBURNC1044042015022462308571",9.81,"Supermarkets"
09/03/2023,09/03/2023,"TJMAXX #0010 CHARLOTTE CONNC",38.48,"Merchandise"
09/03/2023,09/03/2023,"WALMART STORE 04574 CONCORD NC",68.08,"Merchandise"
09/04/2023,09/04/2023,"FOOD LION #2215 CHARLOTTE NC00472R",22.05,"Supermarkets"
09/05/2023,09/05/2023,"ACTIV N FIT 402-935-7733 CA",28.00,"Travel/ Entertainment"
09/05/2023,09/05/2023,"FOOD LION #2215 CHARLOTTE NC00537R",14.97,"Supermarkets"
09/05/2023,09/05/2023,"HARRIS TEETER #258 CHARLOTTE NC",63.57,"Gasoline"
09/06/2023,09/06/2023,"CIRCLE K # 03971 CHARLOTTE NC232072",49.57,"Gasoline"
09/06/2023,09/06/2023,"FOOD LION #2215 CHARLOTTE NCCASHOVER $ 10.00 PURCHASES $ 20.8700602R",30.87,"Supermarkets"
09/06/2023,09/06/2023,"LIDL #1044 FREDERICKSBURNC1044042032952492308351",7.71,"Supermarkets"
09/06/2023,09/06/2023,"WALGREENS #4547 CHARLOTTE NC",10.71,"Merchandise"
09/08/2023,09/10/2023,"CINEMARK 1143 F&B CHARLOTTE NC1143001F43D4",15.42,"Restaurants"
09/08/2023,09/10/2023,"DRIVEEZMD MPC 888-555-2222 MD",25.00,"Travel/ Entertainment"
09/08/2023,09/10/2023,"FOOD LION #2215 CHARLOTTE NCAPPLE PAY ENDING IN 015900858R",1.26,"Supermarkets"
09/09/2023,09/10/2023,"APPLE.COM/BILL 866-712-7753 CAMN0D20ZL10A0",0.99,"Merchandise"
09/09/2023,09/10/2023,"CINNABON #8104 CONCORD NC",4.16,"Restaurants"
09/09/2023,09/10/2023,"CNK*CINEMARK.COM 1143 800-246-3627 NC1143001F42A2",10.71,"Travel/ Entertainment"
09/09/2023,09/10/2023,"FOOD LION #2215 CHARLOTTE NC00908R",26.81,"Supermarkets"
09/09/2023,09/10/2023,"LIDL #1163 CONCORD NC1163832037582522313521",10.55,"Supermarkets"
09/09/2023,09/10/2023,"NIKEPOSUS CONCORD NC",112.32,"Merchandise"
09/09/2023,09/10/2023,"ZAYTUNA HALAL MARKET CHARLOTTE NC",59.34,"Supermarkets"
09/10/2023,09/10/2023,"BP#1191400KWIK PICK RUTHER GLEN VA",39.11,"Gasoline"
09/10/2023,09/10/2023,"BURLINGTON STORES 318 CONCORD NC",18.18,"Merchandise"
09/10/2023,09/10/2023,"CSC SERVICEWORK CHARLOTTE NC",2.00,"Restaurants"
09/11/2023,09/11/2023,"SAFEWAY 2979 TOWSON MD",80.07,"Supermarkets"
09/11/2023,09/11/2023,"SP SBD ONLINE 7867634635 CT",33.19,"Merchandise"
09/14/2023,09/14/2023,"CASHBACK BONUS REDEMPTION PYMT/STMT CRDT",-120.00,"Awards and Rebate Credits"
09/14/2023,09/14/2023,"INTERNET PAYMENT - THANK YOU",-1529.21,"Payments and Credits"
09/15/2023,09/15/2023,"AUTOZONE 5981 TOWSON MD",5.18,"Automotive"
09/15/2023,09/15/2023,"DOLLAR TREE TOWSON MD",2.65,"Merchandise"
09/16/2023,09/16/2023,"SPROUTS FARMERS MARKET TOWSON MDAPPLE PAY ENDING IN 0159",5.99,"Supermarkets"
09/16/2023,09/16/2023,"TJMAXX #0395 TOWSON MDAPPLE PAY ENDING IN 0159",18.01,"Merchandise"
09/17/2023,09/17/2023,"CINEMARK MOVIE CLUB 800-246-3627 TX41697282",10.99,"Travel/ Entertainment"
09/17/2023,09/17/2023,"HUDSONNEWS ST1604 BALTIMORE MD",3.99,"Merchandise"
09/17/2023,09/17/2023,"MICROSOFT XBOX REDMOND WA",5.29,"Services"
09/18/2023,09/18/2023,"CHARMPASS - UNDERTEN 866-255-0250 OR",2.00,"Travel/ Entertainment"
09/20/2023,09/20/2023,"WALGREENS #1234 BEREA OHAPPLE PAY ENDING IN 0159",6.09,"Merchandise"
09/22/2023,09/22/2023,"MICROSOFT*ULTIMATE 1 M MSBILL.INFO WA",18.01,"Merchandise"
09/23/2023,09/23/2023,"SAFEWAY 2979 TOWSON MD",87.60,"Supermarkets"
09/26/2023,09/26/2023,"2887 GREAT CLIPS AT NORT PARKVILLE MD",22.00,"Services"
09/27/2023,09/27/2023,"SAFEWAY 2979 TOWSON MDAPPLE PAY ENDING IN 0159",6.03,"Supermarkets"
09/30/2023,09/30/2023,"BONEFISH GRILL #9401 MATTHEWS NC03059R",15.00,"Restaurants"
09/30/2023,09/30/2023,"EXXONMOBIL THOMASVILLE NC",2.99,"Gasoline"
09/30/2023,09/30/2023,"EXXONMOBIL THOMASVILLE NC",44.82,"Gasoline"
09/30/2023,09/30/2023,"EXXONMOBIL TOWSON MD",4.27,"Gasoline"
09/30/2023,09/30/2023,"EXXONMOBIL TOWSON MD",20.22,"Gasoline"
09/30/2023,09/30/2023,"FOOD LION #2215 CHARLOTTE NC03040R",16.64,"Supermarkets"
10/01/2023,10/01/2023,"SARANGI CHARLOTTE NC",17.83,"Restaurants"
10/01/2023,10/01/2023,"SHELL53237820161 HENDERSON NC",36.51,"Gasoline"
10/01/2023,10/01/2023,"TJMAXX #0153 CHARLOTTE NC",25.71,"Merchandise"
10/02/2023,10/02/2023,"365 MARKET FP TROY MIAPPLE PAY ENDING IN 0159",2.96,"Restaurants"
10/02/2023,10/02/2023,"MCDONALD'S M6564 OF MD TOWSON MD",13.98,"Restaurants"
10/03/2023,10/03/2023,"SAFEWAY 2979 TOWSON MD",61.77,"Supermarkets"
10/04/2023,10/04/2023,"365 MARKET FP TROY MIAPPLE PAY ENDING IN 0159",1.58,"Restaurants"
10/04/2023,10/04/2023,"365 MARKET FP TROY MIAPPLE PAY ENDING IN 0159",9.07,"Restaurants"
10/04/2023,10/04/2023,"92549 - BWI HOURLY GARAG BALTIMORE MD",4.00,"Services"
10/05/2023,10/05/2023,"365 MARKET FP TROY MIAPPLE PAY ENDING IN 0159",7.41,"Restaurants"
10/05/2023,10/05/2023,"ACTIV N FIT 402-935-7733 CA",28.00,"Travel/ Entertainment"
10/05/2023,10/05/2023,"AUTOZONE 5981 TOWSON MD",12.18,"Automotive"
10/05/2023,10/05/2023,"DRIVEEZMD MPC 888-555-2222 MD",25.00,"Travel/ Entertainment"
10/05/2023,10/05/2023,"EXXONMOBIL TOWSON MD",38.66,"Gasoline"
10/05/2023,10/05/2023,"WALMART SC 05344 TOWSON MD",17.90,"Merchandise"
10/06/2023,10/06/2023,"AUTOZONE #3938 SOUTH HILL VA",48.14,"Automotive"
10/06/2023,10/06/2023,"EXXONMOBIL SOUTH HILL VA",21.00,"Gasoline"
10/06/2023,10/06/2023,"FOOD LION #2215 CHARLOTTE NC00659R",9.37,"Supermarkets"
10/06/2023,10/06/2023,"SQ *DUBAI GRILLS CHARLOTTE NC0002305843018545684446",26.22,"Restaurants"
10/07/2023,10/07/2023,"PANERA BREAD #601043 P CHARLOTTE NC00756R",8.54,"Restaurants"
10/07/2023,10/07/2023,"WALGREENS #4547 CHARLOTTE NC",61.42,"Merchandise"
10/08/2023,10/10/2023,"PANERA BREAD #601043 P CHARLOTTE NC00824R",8.54,"Restaurants"
10/09/2023,10/10/2023,"FOOD LION #2215 CHARLOTTE NC00922R",11.51,"Supermarkets"
10/09/2023,10/10/2023,"PANERA BREAD #601043 P CHARLOTTE NC00952R",25.62,"Restaurants"
10/09/2023,10/10/2023,"SARANGI CHARLOTTE NC",16.23,"Restaurants"
10/10/2023,10/10/2023,"APPLE.COM/BILL 866-712-7753 CAMN0D4F065WA0",0.99,"Merchandise"
10/10/2023,10/10/2023,"FOOD LION #2215 CHARLOTTE NCAPPLE PAY ENDING IN 015901084R",1.72,"Supermarkets"
10/10/2023,10/10/2023,"FOOD LION #2215 CHARLOTTE NC01056R",6.47,"Supermarkets"
10/10/2023,10/10/2023,"ZAYTUNA HALAL MARKET CHARLOTTE NC",36.68,"Supermarkets"
10/11/2023,10/11/2023,"FOOD LION #2215 CHARLOTTE NC01137R",3.96,"Supermarkets"
10/11/2023,10/11/2023,"FOOD LION #2215 CHARLOTTE NC01160R",51.69,"Supermarkets"
10/12/2023,10/12/2023,"DOLLAR TREE CHARLOTTE NC",12.07,"Merchandise"
10/12/2023,10/12/2023,"FOOD LION #2215 CHARLOTTE NC01238R",18.85,"Supermarkets"
10/12/2023,10/12/2023,"INTERNET PAYMENT - THANK YOU",-1214.13,"Payments and Credits"
10/12/2023,10/12/2023,"TARGET 00010819091 CHARLOTTE NC",36.36,"Supermarkets"
10/14/2023,10/14/2023,"LIDL #1044 FREDERICKSBURNC1044031492922872320491",33.98,"Supermarkets"
10/15/2023,10/15/2023,"CIRCLE K # 03971 CHARLOTTE NC276335",30.15,"Gasoline"
10/15/2023,10/15/2023,"FOOD LION #2215 CHARLOTTE NC01593R",12.11,"Supermarkets"
10/15/2023,10/15/2023,"LIDL #1044 FREDERICKSBURNC1044031494192882309142",3.18,"Supermarkets"
10/15/2023,10/15/2023,"SHELL57543583405 SILVER SPRINGMD",39.89,"Gasoline"
10/15/2023,10/15/2023,"ZAYTUNA HALAL MARKET CHARLOTTE NC",42.74,"Supermarkets"
10/16/2023,10/16/2023,"365 MARKET FP TROY MI",5.29,"Restaurants"
10/16/2023,10/16/2023,"365 MARKET FP TROY MI",12.70,"Restaurants"
10/16/2023,10/16/2023,"SAFEWAY 2979 TOWSON MD",84.81,"Supermarkets"
10/17/2023,10/17/2023,"CHARMPASS - UNDERTEN 866-255-0250 OR",2.00,"Travel/ Entertainment"
10/17/2023,10/17/2023,"CINEMARK MOVIE CLUB 800-246-3627 TX42799436",10.99,"Travel/ Entertainment"
10/17/2023,10/17/2023,"MR TIRE 00006601233 LUTHERVILLE MD",113.83,"Automotive"
10/17/2023,10/17/2023,"TREK BICYCLE TOWSON TOWSON MD01741R",96.50,"Merchandise"
10/20/2023,10/20/2023,"FAULKNER COLLISION CENTE PHILADELPHIA PA",646.89,"Automotive"
10/21/2023,10/21/2023,"MOUNT EVEREST FOOD INC TOWSON MD",54.52,"Supermarkets"
10/21/2023,10/21/2023,"SAFEWAY 2979 TOWSON MD",7.99,"Supermarkets"
10/21/2023,10/21/2023,"TIENDA ESPINOZA 2 TOWSON MD",7.59,"Supermarkets"
10/22/2023,10/22/2023,"MICROSOFT*ULTIMATE 1 MON MSBILL.INFO WAMICROSOFT*ULTIMATE 1 MON",18.01,"Merchandise"
10/22/2023,10/22/2023,"TST* NAZS HALAL FOOD - W NOTTINGHAM MD",10.06,"Restaurants"
10/23/2023,10/23/2023,"AMZN MKTP US*EM0799AI3 AMZN.COM/BILLWAYD11WRZ0ARH",179.14,"Merchandise"
10/24/2023,10/24/2023,"SAFEWAY 2979 TOWSON MDAPPLE PAY ENDING IN 0159",48.17,"Supermarkets"
10/24/2023,10/24/2023,"TRAVEL AGENCY 800-920-7405 CAHHAUVQ",1518.22,"Travel/ Entertainment"
10/27/2023,10/27/2023,"MVA PARKVILLE 800-1234567 MD",12.00,"Government Services"
10/28/2023,10/28/2023,"EXXONMOBIL ALBERTA VA",27.56,"Gasoline"
10/28/2023,10/28/2023,"FOOD LION #2215 CHARLOTTE NC02814R",55.12,"Supermarkets"
10/28/2023,10/28/2023,"SARANGI CHARLOTTE NC",21.63,"Restaurants"
10/29/2023,10/29/2023,"GAMERS OUTLET 781-4917971 MA",17.32,"Merchandise"
10/29/2023,10/29/2023,"LIDL #1044 FREDERICKSBURNC1044052036943022317431",29.55,"Supermarkets"
10/29/2023,10/29/2023,"ZAYTUNA HALAL MARKET CHARLOTTE NC",10.16,"Supermarkets"
11/01/2023,11/01/2023,"CIRCLE K # 03971 CHARLOTTE NC297190",0.15,"Gasoline"
11/01/2023,11/01/2023,"CIRCLE K # 03971 CHARLOTTE NC297194",31.88,"Gasoline"
11/01/2023,11/01/2023,"US FRIED CHICKEN UNV CHARLOTTE NC",24.34,"Restaurants"
11/02/2023,11/02/2023,"APPLE.COM/BILL 866-712-7753 CAMN0D660QM4A0",5.29,"Merchandise"
11/02/2023,11/02/2023,"BONEFISH GRILL #9422 CONCORD MILLSNC00266R",52.82,"Restaurants"
11/02/2023,11/02/2023,"SEPHORA CONCORD MILLS CONCORD NC17240002009610",206.08,"Merchandise"
11/03/2023,11/03/2023,"FOOD LION #2215 CHARLOTTE NC00338R",6.11,"Supermarkets"
11/03/2023,11/03/2023,"FOOD LION #2215 CHARLOTTE NC00378R",10.39,"Supermarkets"
11/03/2023,11/03/2023,"NIKEPOSUS CONCORD NC",144.42,"Merchandise"
11/05/2023,11/05/2023,"ACTIV N FIT 402-935-7733 CA",28.00,"Travel/ Entertainment"
11/05/2023,11/05/2023,"MICROSOFT XBOX REDMOND WA",9.53,"Services"
11/06/2023,11/06/2023,"SARANGI CHARLOTTE NC",5.40,"Restaurants"
11/06/2023,11/06/2023,"ZAYTUNA HALAL MARKET CHARLOTTE NC",18.69,"Supermarkets"
11/07/2023,11/07/2023,"FOOD LION #2215 CHARLOTTE NC00724R",54.04,"Supermarkets"
11/08/2023,11/08/2023,"SARANGI CHARLOTTE NC",27.04,"Restaurants"
11/08/2023,11/10/2023,"FOOD LION #2215 CHARLOTTE NC00829R",3.25,"Supermarkets"
11/10/2023,11/10/2023,"APPLE.COM/BILL 866-712-7753 CAMN0D6ZLH99A0",0.99,"Merchandise"
11/10/2023,11/10/2023,"CASHBACK BONUS REDEMPTION PYMT/STMT CRDT",-60.12,"Awards and Rebate Credits"
11/10/2023,11/10/2023,"INTERNET PAYMENT - THANK YOU",-3946.85,"Payments and Credits"
11/11/2023,11/11/2023,"FOOD LION #2215 CHARLOTTE NC01124R",44.30,"Supermarkets"
11/12/2023,11/12/2023,"BP#9314634KENILWORTH BP WASHINGTON DC",40.29,"Gasoline"
11/12/2023,11/12/2023,"CIRCLE K # 03971 CHARLOTTE NC310113",16.57,"Gasoline"
11/12/2023,11/12/2023,"FOOD LION #2215 CHARLOTTE NC01262R",28.20,"Supermarkets"
11/12/2023,11/12/2023,"ZAYTUNA HALAL MARKET CHARLOTTE NC",67.68,"Supermarkets"
11/13/2023,11/13/2023,"SAFEWAY 2979 TOWSON MD",19.55,"Supermarkets"
11/13/2023,11/13/2023,"SPROUTS FARMERS MARKET TOWSON MD",71.98,"Supermarkets"
11/13/2023,11/13/2023,"TARGET 00011429091 TOWSON MD",31.14,"Supermarkets"
11/14/2023,11/14/2023,"365 MARKET FP TROY MIAPPLE PAY ENDING IN 0159",3.17,"Restaurants"
11/15/2023,11/15/2023,"SAFEWAY 2979 TOWSON MD",73.87,"Supermarkets"
11/17/2023,11/17/2023,"WALMART SC 05344 TOWSON MD",12.66,"Merchandise"
11/18/2023,11/18/2023,"LOWE'S OF TOWSON, MD PARKVILLE MD",7.40,"Home Improvement"
11/19/2023,11/19/2023,"MOUNT EVEREST FOOD INC TOWSON MD",19.88,"Supermarkets"
11/19/2023,11/19/2023,"SAFEWAY 2979 TOWSON MD",38.55,"Supermarkets"
11/19/2023,11/19/2023,"TIENDA ESPINOZA 2 TOWSON MD",18.22,"Supermarkets"
11/21/2023,11/21/2023,"MICROSOFT*XBOX GAME PA MSBILL.INFO WA",10.59,"Merchandise"
11/22/2023,11/22/2023,"EXXONMOBIL ALBERTA VA",31.77,"Gasoline"
11/23/2023,11/23/2023,"FOOD LION #2215 CHARLOTTE NCAPPLE PAY ENDING IN 015902302R",5.09,"Supermarkets"
11/25/2023,11/25/2023,"FOOD LION #2215 CHARLOTTE NC02567R",7.42,"Supermarkets"
11/25/2023,11/25/2023,"FOOD LION #2215 CHARLOTTE NC02553R",18.42,"Supermarkets"
11/25/2023,11/25/2023,"WALGREENS #4547 CHARLOTTE NC",17.46,"Merchandise"
11/26/2023,11/26/2023,"FOOD LION #2215 CHARLOTTE NC02640R",7.11,"Supermarkets"
11/27/2023,11/27/2023,"FOOD LION #2215 CHARLOTTE NC02783R",11.57,"Supermarkets"
11/27/2023,11/27/2023,"FOOD LION #2215 CHARLOTTE NC02780R",38.13,"Supermarkets"
11/28/2023,11/28/2023,"ZAYTUNA HALAL MARKET CHARLOTTE NC",9.59,"Supermarkets"
11/29/2023,11/29/2023,"DUBAI GRILL LLC CHARLOTTE NC",28.68,"Restaurants"
12/02/2023,12/02/2023,"FOOD LION #2215 CHARLOTTE NC00245R",51.29,"Supermarkets"
12/02/2023,12/02/2023,"NINETYS ICE CREAM CHARLOTTE NC",5.68,"Supermarkets"
12/02/2023,12/02/2023,"NINETYS ICE CREAM CHARLOTTE NC",6.22,"Supermarkets"
12/03/2023,12/03/2023,"CIRCLE K # 03971 CHARLOTTE NC333249",29.55,"Gasoline"
12/03/2023,12/03/2023,"CSC SERVICEWORK CHARLOTTE NC",2.50,"Restaurants"
12/03/2023,12/03/2023,"WALMART SC 02134 CHARLOTTE (N)NC",19.82,"Merchandise"
12/04/2023,12/04/2023,"BONEFISH GRILL #9422 CONCORD MILLSNC00458R",62.00,"Restaurants"
12/05/2023,12/05/2023,"ACTIV N FIT 402-935-7733 CA",28.00,"Travel/ Entertainment"
12/07/2023,12/07/2023,"FOOD LION #2215 CHARLOTTE NC00724R",34.01,"Supermarkets"
12/07/2023,12/07/2023,"LIDL #1044 FREDERICKSBURNCAPPLE PAY ENDING IN 01591044042369503412319101",29.85,"Supermarkets"
12/07/2023,12/07/2023,"ZAYTUNA HALAL MARKET CHARLOTTE NC",56.67,"Supermarkets"
12/08/2023,12/10/2023,"COOK OUT NORTH TRYON CHARLOTTE NC",8.64,"Restaurants"
12/09/2023,12/10/2023,"APPLE.COM/BILL 866-712-7753 CA",0.99,"Merchandise"
12/09/2023,12/10/2023,"ZAPATA'S MEXICAN RESTAUR CHARLOTTE NC",55.07,"Restaurants"
12/10/2023,12/10/2023,"CMSVEND*CV RICHMOND N CHESTERFLD VA",2.25,"Restaurants"
12/10/2023,12/10/2023,"EXXONMOBIL MC KENNEY VA",33.15,"Gasoline"
12/11/2023,12/11/2023,"NAYAX VENDING 1 HUNT VALLEY MD",1.35,"Restaurants"
12/11/2023,12/11/2023,"SAFEWAY 2979 TOWSON MDAPPLE PAY ENDING IN 0159",18.36,"Supermarkets"
12/12/2023,12/12/2023,"SW AIR DALLAS TX",5.60,"Travel/ Entertainment"
12/13/2023,12/13/2023,"INTERNET PAYMENT - THANK YOU",-1009.12,"Payments and Credits"
12/13/2023,12/13/2023,"SAFEWAY 2979 TOWSON MD",38.44,"Supermarkets"
12/16/2023,12/16/2023,"SAFEWAY 2979 TOWSON MDAPPLE PAY ENDING IN 0159",22.81,"Supermarkets"
12/17/2023,12/17/2023,"92549 - BWI HOURLY GARAG BALTIMORE MD",4.00,"Services"
12/17/2023,12/17/2023,"SAFEWAY 2979 TOWSON MD",3.99,"Supermarkets"
12/17/2023,12/17/2023,"TJMAXX #0395 TOWSON MD",63.56,"Merchandise"
12/18/2023,12/18/2023,"ATL PANDA EXPRESS ATLANTA GA01810R",22.42,"Restaurants"
12/18/2023,12/18/2023,"BURLINGTON STORES 1107 TOWSON MD",108.26,"Merchandise"
12/18/2023,12/18/2023,"DELTA AIR LINES BALTIMORE MD",30.00,"Travel/ Entertainment"
12/19/2023,12/19/2023,"ATL GREAT WRAPS ATLANTA GA01910R",14.26,"Restaurants"
12/19/2023,12/19/2023,"BALTIMORE FASTPARK LINTHICUM HEIMD",22.60,"Services"
12/19/2023,12/19/2023,"EXXONMOBIL TOWSON MD",34.72,"Gasoline"
12/19/2023,12/19/2023,"SAFEWAY 2979 TOWSON MD",70.91,"Supermarkets"
12/19/2023,12/19/2023,"WALGREENS #13606 TOWSON MD",14.94,"Merchandise"
12/20/2023,12/20/2023,"AUNTIE ANNE'S TOWSON MD",5.61,"Restaurants"
12/20/2023,12/20/2023,"TJMAXX #0395 TOWSON MD",63.59,"Merchandise"
12/20/2023,12/20/2023,"WEIS MARKETS 228 TOWSON MD",24.00,"Supermarkets"
12/21/2023,12/21/2023,"MICROSOFT*XBOX GAME PA MSBILL.INFO WA",10.59,"Merchandise"
12/21/2023,12/21/2023,"SAFEWAY 2979 TOWSON MD",24.39,"Supermarkets"
12/22/2023,12/22/2023,"CARROLL CREEK PARKING FREDERICK MD",2.00,"Services"
12/22/2023,12/22/2023,"FIRESTONES MARKET FREDERICK MD",8.50,"Supermarkets"
12/22/2023,12/22/2023,"LIDL #1461 FREDERICKSBURMD1461055915363562310211",31.06,"Supermarkets"
12/22/2023,12/22/2023,"RETRO-METRO FREDERICK MD",8.43,"Merchandise"
12/24/2023,12/24/2023,"CINNABON 105441 TOWSON MD",5.71,"Restaurants"
12/24/2023,12/24/2023,"SAFEWAY 2979 TOWSON MDAPPLE PAY ENDING IN 0159",2.99,"Supermarkets"
12/26/2023,12/26/2023,"WALMART SC 05344 TOWSON MD",21.68,"Merchandise"
12/26/2023,12/26/2023,"WEIS MARKETS 228 TOWSON MD",81.02,"Supermarkets"
12/27/2023,12/27/2023,"INTERNATIONAL GROCERY BALTIMORE MD",32.71,"Supermarkets"
12/27/2023,12/27/2023,"LA UNION MARKET GAITHERSBURG MD",10.40,"Supermarkets"
12/28/2023,12/28/2023,"POPEYES 4630 COCKEYSVILLE MD",13.88,"Restaurants"
12/29/2023,12/29/2023,"TARGET 00011429091 TOWSON MD",19.97,"Supermarkets"
12/29/2023,12/29/2023,"WALMART SC 05344 TOWSON MD",6.94,"Merchandise"
01/01/2024,01/01/2024,"SAFEWAY 2979 TOWSON MD",42.93,"Supermarkets"
01/02/2024,01/02/2024,"PANERA BREAD #203560 P TOWSON MD00228R",11.97,"Restaurants"
01/03/2024,01/03/2024,"SAFEWAY 2979 TOWSON MD",5.99,"Supermarkets"
01/04/2024,01/04/2024,"TST* BARLEY'S BACKYARD U TOWSON MD",5.16,"Restaurants"
01/05/2024,01/05/2024,"ACTIV N FIT 402-935-7733 CA",28.00,"Travel/ Entertainment"
01/05/2024,01/05/2024,"SYRIANOS CAFE BALTIMORE MD",6.35,"Restaurants"
01/05/2024,01/05/2024,"SYRIANOS CAFE BALTIMORE MD",26.48,"Restaurants"
01/06/2024,01/06/2024,"WEIS MARKETS 228 TOWSON MD",4.19,"Supermarkets"
01/06/2024,01/06/2024,"WEIS MARKETS 228 TOWSON MD",32.55,"Supermarkets"
01/07/2024,01/07/2024,"AMZN MKTP US*RT2KL9FA0 AMZN.COM/BILLWA76CPPOUITS8",31.78,"Merchandise"
01/07/2024,01/07/2024,"BLTMR CNTY REV AUTHORI TOWSON MD",2.00,"Services"
01/07/2024,01/07/2024,"CINEMARK THEATRES 1072 TOWSON MD10720048743B",12.04,"Travel/ Entertainment"
01/07/2024,01/07/2024,"EXXONMOBIL TOWSON MD",34.02,"Gasoline"
01/07/2024,01/07/2024,"TARGET 00011429091 TOWSON MD",14.29,"Supermarkets"
01/08/2024,01/08/2024,"AMZN MKTP US*RT57R8JZ0 AMZN.COM/BILLWA1VNLOEFZATE",73.99,"Merchandise"
01/08/2024,01/08/2024,"AMZN MKTP US*TK2D356F2 AMZN.COM/BILLWA3ORHSL0IZOD",73.99,"Merchandise"
01/08/2024,01/08/2024,"AMZN MKTP US*TK4L975E1 AMZN.COM/BILLWA687EJH89SV0",45.76,"Merchandise"
01/08/2024,01/08/2024,"BURLINGTON STORES 1107 TOWSON MD",21.19,"Merchandise"
01/08/2024,01/08/2024,"CNK*CINEMARK.COM 1072 800-246-3627 MDAPPLE PAY ENDING IN 0159107200487282",26.16,"Travel/ Entertainment"
01/08/2024,01/10/2024,"365 MARKET FP TROY MIAPPLE PAY ENDING IN 0159",3.17,"Restaurants"
01/08/2024,01/10/2024,"92549 - BWI HOURLY GARAG BALTIMORE MD",4.00,"Services"
01/09/2024,01/10/2024,"SAFEWAY 2979 TOWSON MDAPPLE PAY ENDING IN 0159",14.37,"Supermarkets"
01/10/2024,01/10/2024,"365 MARKET FP TROY MIAPPLE PAY ENDING IN 0159",1.62,"Restaurants"
01/10/2024,01/10/2024,"APPLE.COM/BILL 866-712-7753 CAMN0DFH5NJZA0",0.99,"Merchandise"
01/10/2024,01/10/2024,"INTERNET PAYMENT - THANK YOU",-1448.63,"Payments and Credits"
01/11/2024,01/11/2024,"365 MARKET FP TROY MIAPPLE PAY ENDING IN 0159",6.95,"Restaurants"
01/12/2024,01/12/2024,"365 MARKET FP TROY MIAPPLE PAY ENDING IN 0159",7.41,"Restaurants"
01/12/2024,01/12/2024,"SAFEWAY 2979 TOWSON MDAPPLE PAY ENDING IN 0159",8.17,"Supermarkets"
01/14/2024,01/14/2024,"92549 - BWI HOURLY GARAG BALTIMORE MD",8.00,"Services"
01/14/2024,01/14/2024,"EXXONMOBIL TOWSON MD",19.42,"Gasoline"
01/14/2024,01/14/2024,"SYRIANOS CAFE BALTIMORE MDAPPLE PAY ENDING IN 0159",24.80,"Restaurants"
01/15/2024,01/15/2024,"GROOMETOWN CITGO GREENSBORO NCL15060086",35.36,"Gasoline"
01/15/2024,01/15/2024,"LIDL #1044 FREDERICKSBURNC1044042537770152418041",13.42,"Supermarkets"
01/15/2024,01/15/2024,"SUVIDHA INTL MARKET CRT CHARLOTTE NC",44.24,"Supermarkets"
01/15/2024,01/15/2024,"ZAYTUNA HALAL MARKET CHARLOTTE NC",65.11,"Supermarkets"
01/18/2024,01/18/2024,"AIRBNB HMNQR5CSKH 855-424-7262 CA",105.85,"Travel/ Entertainment"
01/18/2024,01/18/2024,"COOK OUT NORTH TRYON CHARLOTTE NC",8.64,"Restaurants"
01/18/2024,01/18/2024,"DOLLAR TREE CHARLOTTE NC",9.38,"Merchandise"
01/18/2024,01/18/2024,"FEDEX OFFIC00030098069 CHARLOTTE NC",16.03,"Services"
01/18/2024,01/18/2024,"TJMAXX #0153 CHARLOTTE NC",50.44,"Merchandise"
01/19/2024,01/19/2024,"ISLAND BOY KREATIONZ LLC CHARLOTTE NC",18.24,"Restaurants"
01/20/2024,01/20/2024,"FOOD LION #2215 CHARLOTTE NC02001R",11.01,"Supermarkets"
01/20/2024,01/20/2024,"LE KEBAB GRILL CHARLOTTE NC",22.45,"Restaurants"
01/21/2024,01/21/2024,"CIRCLE K # 03971 CHARLOTTE NC384917",19.01,"Gasoline"
01/21/2024,01/21/2024,"EXXONMOBIL STAFFORD VA",32.34,"Gasoline"
01/22/2024,01/22/2024,"BP#3436722ZINGO #6 ARCHDALE NC",30.42,"Gasoline"
01/22/2024,01/22/2024,"FOOD LION #2215 CHARLOTTE NC02239R",16.39,"Supermarkets"
01/22/2024,01/22/2024,"GIANT LANDOVER #2747 ALEXANDRIA VAAPPLE PAY ENDING IN 015902211R",26.03,"Supermarkets"
01/22/2024,01/22/2024,"METROPOLIS PARKING 8564856865 TN",17.99,"Services"
01/22/2024,01/22/2024,"MEX CON WASHINGTON WASHINGTON DC",53.00,"Government Services"
01/22/2024,01/22/2024,"MICROSOFT*XBOX GAME PA MSBILL.INFO WA",10.59,"Merchandise"
01/22/2024,01/22/2024,"SQ *KRAVE EATERY ALEXANDRIA VA0002305843019163817922",18.01,"Restaurants"
01/24/2024,01/24/2024,"FOOD LION #2215 CHARLOTTE NC02458R",13.98,"Supermarkets"
01/25/2024,01/25/2024,"TARGET 00010819091 CHARLOTTE NC",73.64,"Supermarkets"
01/27/2024,01/27/2024,"FOOD LION #2215 CHARLOTTE NC02760R",24.16,"Supermarkets"
01/28/2024,01/28/2024,"CIRCLE K # 03971 CHARLOTTE NC392749",15.61,"Gasoline"
01/28/2024,01/28/2024,"FOOD LION #2215 CHARLOTTE NCAPPLE PAY ENDING IN 015902801R",10.03,"Supermarkets"
01/28/2024,01/28/2024,"TJMAXX #0153 CHARLOTTE NCAPPLE PAY ENDING IN 0159",14.25,"Merchandise"
01/29/2024,01/29/2024,"365 MARKET FP TROY MI",7.41,"Restaurants"
01/29/2024,01/29/2024,"SUNOCO 0151378700 WOODBRIDGE VA",34.61,"Gasoline"
01/30/2024,01/30/2024,"TRAVEL AGENCY 800-920-7405 CA",1417.20,"Travel/ Entertainment"
02/01/2024,02/01/2024,"SAFEWAY 2979 TOWSON MD",32.66,"Supermarkets"
02/03/2024,02/03/2024,"MOUNT EVEREST FOOD INC TOWSON MD",36.98,"Supermarkets"
02/03/2024,02/03/2024,"SPROUTS FARMERS MARKET TOWSON MD",36.99,"Supermarkets"
02/03/2024,02/03/2024,"TARGET 00011429091 TOWSON MD",13.77,"Supermarkets"
02/03/2024,02/03/2024,"WEIS MARKETS 228 TOWSON MD",28.07,"Supermarkets"
02/05/2024,02/05/2024,"ACTIV N FIT 402-935-7733 CA",28.00,"Travel/ Entertainment"
02/05/2024,02/05/2024,"WEIS MARKETS 228 TOWSON MD",12.28,"Supermarkets"
02/06/2024,02/06/2024,"USPS CHANGE OF ADDRESS 800-238-3150 TN",1.10,"Government Services"
02/07/2024,02/07/2024,"DAMASKINO MARKET PARKVILLE MD",8.46,"Supermarkets"
02/07/2024,02/08/2024,"AMZN MKTP US AMZN.COM/BILLWA75ZMSY7SH2R",-45.76,"Payments and Credits"
02/10/2024,02/10/2024,"APPLE.COM/BILL 866-712-7753 CAMN0DJ682QKA0",0.99,"Merchandise"
02/10/2024,02/10/2024,"EXXONMOBIL ALBERTA VA",21.10,"Gasoline"
02/10/2024,02/10/2024,"EXXONMOBIL TOWSON MD",25.81,"Gasoline"
02/10/2024,02/10/2024,"FOOD LION #2215 CHARLOTTE NC01062R",20.68,"Supermarkets"
02/10/2024,02/10/2024,"LIDL #1044 FREDERICKSBURNC1044021691350412419521",13.83,"Supermarkets"
02/10/2024,02/10/2024,"TJMAXX #0153 CHARLOTTE NC",163.95,"Merchandise"
02/11/2024,02/11/2024,"BURLINGTON STORES 985 CHARLOTTE NC",40.22,"Merchandise"
02/11/2024,02/11/2024,"ZAYTUNA HALAL MARKET CHARLOTTE NC",68.82,"Supermarkets"
02/12/2024,02/12/2024,"TARGET 00010819091 CHARLOTTE NC",13.77,"Supermarkets"
02/12/2024,02/12/2024,"WALMART STORE 02134 CHARLOTTE NC",27.35,"Merchandise"
02/14/2024,02/14/2024,"FOOD LION #2215 CHARLOTTE NC01488R",6.11,"Supermarkets"
02/14/2024,02/14/2024,"TRADER JOE S #743 CHARLOTTE NC",16.08,"Supermarkets"
02/16/2024,02/16/2024,"CASHBACK BONUS REDEMPTION PYMT/STMT CRDT",-57.44,"Awards and Rebate Credits"
02/16/2024,02/16/2024,"FOOD LION #2215 CHARLOTTE NC01634R",37.90,"Supermarkets"
02/16/2024,02/16/2024,"INTERNET PAYMENT - THANK YOU",-2428.85,"Payments and Credits"
02/17/2024,02/17/2024,"CINEMARK MOVIE CLUB 800-246-3627 TX47201028",10.99,"Travel/ Entertainment"
02/17/2024,02/17/2024,"CIRCLE K # 03971 CHARLOTTE NC415088",32.06,"Gasoline"
02/18/2024,02/18/2024,"CSC SERVICEWORK CHARLOTTE NC",2.50,"Restaurants"
02/18/2024,02/18/2024,"FOOD LION #2215 CHARLOTTE NC01864R",7.02,"Supermarkets"
02/18/2024,02/18/2024,"LIDL #1044 FREDERICKSBURNC1044031923360492415231",16.40,"Supermarkets"
02/18/2024,02/18/2024,"WALMART STORE 02134 CHARLOTTE NC",47.85,"Merchandise"
02/18/2024,02/18/2024,"ZAYTUNA HALAL MARKET CHARLOTTE NC",74.95,"Supermarkets"
02/19/2024,02/19/2024,"CHARMPASS - UNDERTEN 866-255-0250 OR",2.00,"Travel/ Entertainment"
02/19/2024,02/19/2024,"CHARMPASS - UNDERTEN 866-255-0250 OR",2.00,"Travel/ Entertainment"
02/19/2024,02/19/2024,"EXXONMOBIL WARFIELD VA",26.09,"Gasoline"
02/19/2024,02/19/2024,"MR TIRE 00006601233 LUTHERVILLE MD",113.83,"Automotive"
02/19/2024,02/19/2024,"TARGET 00011429091 TOWSON MD",15.78,"Supermarkets"
02/19/2024,02/19/2024,"WEIS MARKETS 228 TOWSON MD",53.96,"Supermarkets"
02/22/2024,02/22/2024,"MICROSOFT*XBOX GAME PA MSBILL.INFO WA",10.59,"Merchandise"
02/23/2024,02/23/2024,"365 MARKET FP TROY MIAPPLE PAY ENDING IN 0159",8.23,"Restaurants"
02/24/2024,02/24/2024,"VEIP STATION 7 OWINGS MILLS MD",14.00,"Automotive"
02/25/2024,02/25/2024,"SAFEWAY 2979 TOWSON MD",23.84,"Supermarkets"
02/25/2024,02/25/2024,"SUDSVILLE LAUNDRY SYSTEM LUTHERVILLE TMD",5.25,"Services"
02/26/2024,02/26/2024,"STATE HIGHWAY ADMIN 301-3883199 MD",42.00,"Government Services"
02/27/2024,02/27/2024,"CNK*CINEMARK.COM 1145 800-246-3627 NC11450034C05A",10.71,"Travel/ Entertainment"
02/27/2024,02/27/2024,"EXXONMOBIL TOWSON MD",36.92,"Gasoline"
02/28/2024,02/28/2024,"AMZN MKTP US*RZ1NH09T0 AMZN.COM/BILLWA7BPT1D6BBMK",8.47,"Merchandise"
02/28/2024,02/28/2024,"AMZN MKTP US*RZ6VE8LN2 AMZN.COM/BILLWA4TJ6BEB8VDG",7.41,"Merchandise"
03/01/2024,03/01/2024,"EXXONMOBIL ALBERTA VA",24.09,"Gasoline"
03/03/2024,03/04/2024,"AMZN MKTP US AMZN.COM/BILLWA206F5YQ9V9Z",-73.99,"Payments and Credits"
03/03/2024,03/04/2024,"AMZN MKTP US AMZN.COM/BILLWA6FVQFI65BPX",-73.99,"Payments and Credits"
03/05/2024,03/05/2024,"ACTIV N FIT 402-935-7733 CA",28.00,"Travel/ Entertainment"
03/10/2024,03/10/2024,"APPLE.COM/BILL 866-712-7753 CAMN0DLZ0MF6A0",0.99,"Merchandise"
03/11/2024,03/11/2024,"CASHBACK BONUS REDEMPTION PYMT/STMT CRDT",-11.10,"Awards and Rebate Credits"
03/11/2024,03/11/2024,"INTERNET PAYMENT - THANK YOU",-922.47,"Payments and Credits"
03/23/2024,03/23/2024,"APPLE.COM/BILL 866-712-7753 CAMN0DMS2X7HA0",3.17,"Merchandise"
03/26/2024,03/26/2024,"SW AIR DALLAS TX",5.60,"Travel/ Entertainment"
04/04/2024,04/07/2024,"SW AIR DALLAS TX",-5.60,"Payments and Credits"
04/05/2024,04/05/2024,"MICROSOFT XBOX REDMOND WA",3.17,"Services"
04/05/2024,04/05/2024,"MICROSOFT XBOX REDMOND WA",4.23,"Services"
04/05/2024,04/05/2024,"MICROSOFT*XBOX MSBILL.INFO WA",10.49,"Merchandise"
04/05/2024,04/05/2024,"MICROSOFT*XBOX MSBILL.INFO WAMICROSOFT*XBOX",10.59,"Merchandise"
04/06/2024,04/06/2024,"ACTIVE N FIT NOW 844-646-2746 CA",28.00,"Services"
04/09/2024,04/10/2024,"AMZN MKTP US AMZN.COM/BILLWA4H8SHJZELII",-8.47,"Payments and Credits"
04/13/2024,04/13/2024,"APPLE.COM/BILL 866-712-7753 CAMN16W5F12TA0",0.99,"Merchandise"
04/13/2024,04/13/2024,"CNK*CINEMARK.COM 1143 800-246-3627 NC11430021BB62",7.29,"Travel/ Entertainment"
04/20/2024,04/20/2024,"SP SBD ONLINE 7867634635 CT",6.36,"Merchandise"
04/20/2024,04/20/2024,"SP SBD ONLINE 7867634635 CT",108.12,"Merchandise"
04/29/2024,04/29/2024,"AMZN MKTP US*7K72J8A93 AMZN.COM/BILLWA63DF0RTB930",8.47,"Merchandise"
05/04/2024,05/04/2024,"CNK*CINEMARK.COM 1072 800-246-3627 MD1072004AA15E",10.99,"Travel/ Entertainment"
05/04/2024,05/04/2024,"DIRECTPAY FULL BALANCESEE DETAILS OF YOUR NEXT DIRECTPAY BELOW",-60.64,"Payments and Credits"
05/06/2024,05/06/2024,"ACTIVE N FIT NOW 844-646-2746 CA",28.00,"Services"
05/10/2024,05/10/2024,"APPLE.COM/BILL 866-712-7753 CAMN16Z6TFKJA0",0.99,"Merchandise"
05/10/2024,05/10/2024,"INTERNET PAYMENT - THANK YOU",-161.75,"Payments and Credits"
05/14/2024,05/14/2024,"AMAZON.COM*H78G36V03 AMZN.COM/BILLWACHVM7I8704V",9.06,"Merchandise"
05/15/2024,05/15/2024,"AMZN MKTP US*ZA1SO5JX3 AMZN.COM/BILLWA4O15MHYZZQG",10.06,"Merchandise"
05/25/2024,05/25/2024,"CHARMPASS - UNDERTEN 866-255-0250 OR",2.00,"Travel/ Entertainment"
05/25/2024,05/25/2024,"CHARMPASS - UNDERTEN 866-255-0250 OR",2.00,"Travel/ Entertainment"
05/25/2024,05/25/2024,"CNK*CINEMARK.COM 1072 800-246-3627 MD1072004B0BE9",21.98,"Travel/ Entertainment"
05/28/2024,05/28/2024,"DRIVEEZMD MPC 888-555-2222 MD",50.00,"Travel/ Entertainment"
05/28/2024,05/28/2024,"NJT BUS 30030020002487 NEWARK NJ",18.00,"Travel/ Entertainment"
05/30/2024,05/30/2024,"NJT BUS 30030020002487 NEWARK NJ",13.50,"Travel/ Entertainment"
05/31/2024,05/31/2024,"AMZN MKTP US*LH1973V93 AMZN.COM/BILLWA6K9UPD8N25M",213.43,"Merchandise"
06/01/2024,06/01/2024,"DRIVEEZMD MPC 888-555-2222 MD",50.00,"Travel/ Entertainment"
06/06/2024,06/06/2024,"ACTIVE N FIT NOW 844-646-2746 CA",28.00,"Services"
06/09/2024,06/10/2024,"APPLE.COM/BILL 866-712-7753 CAMN0DV9KMHMA0",0.99,"Merchandise"
06/16/2024,06/17/2024,"AMAZON MKTPLACE PMTS AMZN.COM/BILLWA7HBUUPA48MB",-213.43,"Payments and Credits"
06/18/2024,06/18/2024,"INTERNET PAYMENT - THANK YOU",-206.58,"Payments and Credits"
06/20/2024,06/20/2024,"AMZN MKTP US*MI8ZF1753 AMZN.COM/BILLWAQBD968XXW11",7.80,"Merchandise"
06/20/2024,06/20/2024,"AMZN MKTP US*RG6VF6QC0 AMZN.COM/BILLWA5NHYY28H54O",23.85,"Merchandise"
06/21/2024,06/21/2024,"CHARMPASS - UNDERTEN 866-255-0250 OR",2.00,"Travel/ Entertainment"
06/22/2024,06/22/2024,"SMARTRIP WASHINGTON DC WASHINGTON DCAPPLE PAY ENDING IN 0159",10.00,"Travel/ Entertainment"
06/22/2024,06/22/2024,"VENUPLUS INC. SALEM NH",4.00,"Restaurants"
06/22/2024,06/22/2024,"VENUPLUS INC. SALEM NH",4.00,"Restaurants"
06/28/2024,06/28/2024,"CINEMARK 1072 ONLINE CINEMARK.COM MDAPPLE PAY ENDING IN 0159",23.96,"Travel/ Entertainment"
06/29/2024,06/29/2024,"ACTIVE N FIT NOW 844-646-2746 CA",56.00,"Services"
07/04/2024,07/04/2024,"DIRECTPAY FULL BALANCESEE DETAILS OF YOUR NEXT DIRECTPAY BELOW",-131.61,"Payments and Credits"
07/06/2024,07/06/2024,"ACTIVE N FIT NOW 844-646-2746 CA",56.00,"Services"
07/06/2024,07/06/2024,"AMAZON MKTPL*R73ZL0571 AMZN.COM/BILLWA6W0W3LP2D3Q",21.19,"Merchandise"
07/10/2024,07/10/2024,"APPLE.COM/BILL 866-712-7753 CAMN0DYB5DZGA0",0.99,"Merchandise"
07/17/2024,07/17/2024,"AMAZON.COM*RS26X2DV0 AMZN.COM/BILLWA49HPF4YZI7K",42.36,"Merchandise"
07/18/2024,07/18/2024,"GALAXY JEWELERS TOWSON MD",37.10,"Merchandise"
07/18/2024,07/18/2024,"INTERNET PAYMENT - THANK YOU",-77.19,"Payments and Credits"
07/19/2024,07/19/2024,"CINEMARK 1072 ONLINE CINEMARK.COM MD",33.54,"Travel/ Entertainment"
07/19/2024,07/19/2024,"GOOGLE *GOOGLE ONE 855-836-3987 CAP13WFFVD",21.19,"Merchandise"
07/19/2024,07/19/2024,"MICROSOFT*XBOX MSBILL.INFO WAMICROSOFT*XBOX",10.59,"Merchandise"
07/22/2024,07/23/2024,"AMAZON.COM AMZN.COM/BILLWA7DWXXKSU75Q",-42.36,"Payments and Credits"
07/30/2024,07/30/2024,"CINEMARK 1072 ONLINE CINEMARK.COM MD",17.36,"Travel/ Entertainment"
08/06/2024,08/06/2024,"ACTIVE N FIT NOW 844-646-2746 CA",56.00,"Services"
08/10/2024,08/10/2024,"APPLE.COM/BILL 866-712-7753 CAMN0F1DHQ2NA0",0.99,"Merchandise"
08/15/2024,08/15/2024,"INTERNET PAYMENT - THANK YOU",-176.77,"Payments and Credits"
08/17/2024,08/17/2024,"REGAL CINEMAS INC 877-835-5734 TN",37.36,"Travel/ Entertainment"
08/25/2024,08/25/2024,"USPS CHANGE OF ADDRESS 800-238-3150 TN",1.10,"Government Services"
09/06/2024,09/06/2024,"ACTIVE N FIT NOW 844-646-2746 CA",56.00,"Services"
09/09/2024,09/10/2024,"AMAZON.COM*ZT08M3YB0 AMZN.COM/BILLWA6AUB95VL3UF",197.89,"Merchandise"
09/09/2024,09/10/2024,"APPLE.COM/BILL 866-712-7753 CAMN0F4DJ2Q7A0",0.99,"Merchandise"
09/13/2024,09/13/2024,"AMAZON MKTPL*JM7BB2DM3 AMZN.COM/BILLWA7JUQ263MPUW",56.30,"Merchandise"
09/13/2024,09/13/2024,"AMAZON MKTPL*NJ6NG1X83 AMZN.COM/BILLWA6A1890WDQKO",27.49,"Merchandise"
09/13/2024,09/13/2024,"AMAZON.COM*7W1EG9QU3 AMZN.COM/BILLWA1IRGCEG8G5J",25.32,"Merchandise"
09/15/2024,09/15/2024,"AMAZON MKTPL*I18HL9353 AMZN.COM/BILLWA1NK0TARIBXT",24.65,"Merchandise"
09/16/2024,09/16/2024,"INTERNET PAYMENT - THANK YOU",-95.45,"Payments and Credits"
09/17/2024,09/17/2024,"AMAZON MKTPL*HT17J01K3 AMZN.COM/BILLWAGUAXA2N7UD7",6.42,"Merchandise"
09/18/2024,09/18/2024,"AMAZON MKTPL*CE3NZ5H73 AMZN.COM/BILLWA5TO290U7YA0",38.71,"Merchandise"
09/18/2024,09/18/2024,"AMAZON MKTPL*L825C13C3 AMZN.COM/BILLWANWLP1H6W6HT",46.86,"Merchandise"
09/21/2024,09/21/2024,"AMAZON MKTPL*SG34M2WM3 AMZN.COM/BILLWA2WP87G2IE8C",30.88,"Merchandise"
09/21/2024,09/21/2024,"AMZN MKTP US*U758Z6ZZ3 AMZN.COM/BILLWA6VQI9EUT9XP",42.60,"Merchandise"
09/26/2024,09/26/2024,"AMAZON MKTPL*3N7LL9S13 AMZN.COM/BILLWA39Z43M25JST",42.89,"Merchandise"
10/01/2024,10/01/2024,"KINDLE SVCS*VQ6TW8B43 888-802-3080 WA5XM3N91UKLC",12.71,"Merchandise"
10/06/2024,10/06/2024,"ACTIVE N FIT NOW 844-646-2746 CA",56.00,"Services"
10/07/2024,10/07/2024,"EBAY O 20-12154-74721 SAN JOSE CA",96.50,"Department Stores"
10/10/2024,10/10/2024,"APPLE.COM/BILL 866-712-7753 CAMN0F7DF4MGA0",0.99,"Merchandise"
10/11/2024,10/11/2024,"AMAZON MKTPL*NG7X63F33 AMZN.COM/BILLWA5SL4F95LERT",27.86,"Merchandise"
10/14/2024,10/14/2024,"AMAZON MKTPL*KD8451JO3 AMZN.COM/BILLWA6HI4J4KQHVD",16.05,"Merchandise"
10/14/2024,10/14/2024,"AMAZON MKTPL*LX10319J3 AMZN.COM/BILLWA3RNIN9O4OG2",17.15,"Merchandise"
10/15/2024,10/15/2024,"AMAZON MKTPL*8W1E05DB3 AMZN.COM/BILLWA5PXQ83QY06B",42.03,"Merchandise"
10/15/2024,10/15/2024,"AMAZON MKTPL*SC69I5AG3 AMZN.COM/BILLWA3Q9HDH35SGL",13.93,"Merchandise"
10/19/2024,10/19/2024,"INTERNET PAYMENT - THANK YOU",-706.21,"Payments and Credits"
10/23/2024,10/23/2024,"AMZN MKTP US*613EQ7A83 AMZN.COM/BILLWA1LTU9L7XW44",117.95,"Merchandise"
10/24/2024,10/24/2024,"NAT*CHOICECREDITSCORE 844-6687400 CA",1.00,"Merchandise"
10/26/2024,10/26/2024,"APPLE.COM/BILL 866-712-7753 CA",13.99,"Merchandise"
10/30/2024,10/30/2024,"AMAZON.COM*JL2H86Z13 AMZN.COM/BILLWA109DA4PFD7Y",4.28,"Merchandise"
11/01/2024,11/01/2024,"KINDLE SVCS*5D00E2LD3 888-802-3080 WA76KU4K87WR1",51.93,"Merchandise"
11/03/2024,11/03/2024,"REGAL CINEMAS INC 877-835-5734 TN",42.64,"Travel/ Entertainment"
11/06/2024,11/06/2024,"ACTIVE N FIT NOW 844-646-2746 CA",56.00,"Services"
11/06/2024,11/06/2024,"AMAZON.COM*QX11T2963 AMZN.COM/BILLWA16Y289ZJH78",46.05,"Merchandise"
11/08/2024,11/10/2024,"APPLE.COM/BILL 866-712-7753 CAMN0FBF6NMLA0",13.99,"Merchandise"
11/09/2024,11/10/2024,"APPLE.COM/BILL 866-712-7753 CAMN0FBK4X3FA0",0.99,"Merchandise"
11/12/2024,11/12/2024,"AMAZON.COM*WR8NT4GX3 AMZN.COM/BILLWAX1Z57X2HVCW",8.10,"Merchandise"
11/16/2024,11/16/2024,"INTERNET PAYMENT - THANK YOU",-451.85,"Payments and Credits"
11/20/2024,11/20/2024,"MYBOOSTER* CROFT COMMU 8883471092 GAAPPLE PAY ENDING IN 0159",80.50,"Services"
11/24/2024,11/24/2024,"REGAL CINEMAS INC 877-835-5734 TN",33.00,"Travel/ Entertainment"
11/28/2024,11/28/2024,"PY *MCC NEON PAY 704-526-8347 NCAPPLE PAY ENDING IN 0159PY *MCC NEON PAY",80.00,"Services"
12/02/2024,12/02/2024,"AMAZON MKTPL*Z36QQ8IN1 AMZN.COM/BILLWA428HD3Y8RP4",8.57,"Merchandise"
12/05/2024,12/05/2024,"AMAZON MKTPL*ZL6391YZ0 AMZN.COM/BILLWA6TI94SLYK1Y",130.72,"Merchandise"
12/06/2024,12/06/2024,"ACTIVE N FIT NOW 844-646-2746 CA",56.00,"Travel/ Entertainment"
12/11/2024,12/11/2024,"APPLE.COM/BILL 866-712-7753 CAMN0FGND0JTA0",0.99,"Merchandise"
12/12/2024,12/12/2024,"AMAZON MKTPL*ZX1S50GV0 AMZN.COM/BILLWA6OP817Y523R",64.23,"Merchandise"
12/16/2024,12/16/2024,"INTERNET PAYMENT - THANK YOU",-411.87,"Payments and Credits"
12/19/2024,12/19/2024,"AMAZON MKTPL*Z146G7YB0 AMZN.COM/BILLWA6YKP7LUDTSJ",54.04,"Merchandise"
12/23/2024,12/23/2024,"AMAZON MKTPL*Z97R75PH1 AMZN.COM/BILLWA7JG393JGJTW",17.36,"Merchandise"
12/31/2024,12/31/2024,"OLIVE GARDEN ZK 0021312 PINEVILLE NC",40.00,"Restaurants"
01/06/2025,01/06/2025,"ACTIVE N FIT NOW 844-646-2746 CA",56.00,"Travel/ Entertainment"
01/09/2025,01/10/2025,"APPLE.COM/BILL 866-712-7753 CA",0.99,"Merchandise"
01/10/2025,01/10/2025,"APPLE.COM/BILL 866-712-7753 CAMN0FKM32MYA0",13.77,"Merchandise"
01/13/2025,01/13/2025,"AMAZON MKTPL*ZD89K5HW1 AMZN.COM/BILLWA63POB5SQK98",16.08,"Merchandise"
01/24/2025,01/24/2025,"INTERNET PAYMENT - THANK YOU",-232.62,"Payments and Credits"
01/30/2025,01/30/2025,"AUTOZONE #4620 CHARLOTTE NC",83.62,"Automotive"
01/31/2025,01/31/2025,"AUTOZONE #4620 CHARLOTTE NC",32.16,"Automotive"
01/31/2025,02/02/2025,"AUTOZONE #4620 CHARLOTTE NC",-32.16,"Payments and Credits"
02/01/2025,02/01/2025,"CHIPOTLE 2521 PINEVILLE NC",15.16,"Restaurants"
02/01/2025,02/01/2025,"DICKS SPORTING GOODS PINEVILLE TN",112.62,"Merchandise"
02/06/2025,02/06/2025,"ACTIVE N FIT NOW 844-646-2746 CA",56.00,"Travel/ Entertainment"
02/09/2025,02/10/2025,"APPLE.COM/BILL 866-712-7753 CA",0.99,"Merchandise"
02/14/2025,02/14/2025,"REGAL CINEMAS INC 877-835-5734 TN",42.64,"Travel/ Entertainment"
02/15/2025,02/15/2025,"KINDLE SVCS*V86BP9HW3 888-802-3080 WA4RK84ZL4NAD",18.62,"Merchandise"
02/17/2025,02/17/2025,"AMZN MKTP US*BO79I5BJ3 AMZN.COM/BILLWA7CZVESFTAEV",257.39,"Merchandise"
02/20/2025,02/20/2025,"AMAZON.COM*GM47H7CE3 AMZN.COM/BILLWA4610YP3IZML",25.85,"Merchandise"
02/23/2025,02/23/2025,"AMAZON MKTPL*8P36T6O03 AMZN.COM/BILLWA398MVOA9MP0",27.49,"Merchandise"
02/23/2025,02/23/2025,"UA FH CONCORD CONCORD NC",154.08,"Merchandise"
02/24/2025,02/24/2025,"INTERNET PAYMENT - THANK YOU",-298.24,"Payments and Credits"
02/24/2025,02/24/2025,"MECK CO DSS SCNPEDWIN TO CHARLOTTE NC",448.00,"Government Services"
02/25/2025,02/25/2025,"AMAZON.COM*1R22B0O53 AMZN.COM/BILLWA2TT2P5EBD25",24.44,"Merchandise"
02/26/2025,02/26/2025,"AMAZON MKTPL*RA5MJ6173 AMZN.COM/BILLWA74FV5VVSSO0",23.58,"Merchandise"
03/01/2025,03/02/2025,"AMAZON MKTPLACE PMTS AMZN.COM/BILLWA7DY7UUDXXBW",-16.08,"Payments and Credits"
03/03/2025,03/03/2025,"PUBLIX SUPERMARKETS #144 CHARLOTTE NC",10.71,"Supermarkets"
03/06/2025,03/06/2025,"ACTIVE N FIT NOW 844-646-2746 CA",56.00,"Travel/ Entertainment"
03/08/2025,03/08/2025,"AMAZON MKTPL*930S93CF3 AMZN.COM/BILLWA38Z7F7775GA",13.93,"Merchandise"
03/09/2025,03/10/2025,"ALDI 66107 PINEVILLE NC",6.42,"Supermarkets"
03/09/2025,03/10/2025,"AMAZON.COM*7N7YM0TM3 AMZN.COM/BILLWA10I942FV134",22.84,"Merchandise"
03/09/2025,03/10/2025,"AMAZON.COM*ZX98S9DR3 AMZN.COM/BILLWA7JCTP8B3A4Y",36.64,"Merchandise"
03/09/2025,03/10/2025,"APPLE.COM/BILL 866-712-7753 CAMN0FVFGQ3ZA0",0.99,"Merchandise"
03/09/2025,03/10/2025,"HARRIS TEETER #0011 CHARLOTTE NC",9.64,"Supermarkets"
03/10/2025,03/10/2025,"CHARLOTTE HORNETS 8007982595 NC",3.00,"Travel/ Entertainment"
03/13/2025,03/13/2025,"INTERNET PAYMENT - THANK YOU",-1167.17,"Payments and Credits"
03/15/2025,03/15/2025,"SENOR BRAVO WINSTON SALEMNC",13.34,"Restaurants"
03/31/2025,03/31/2025,"DOLLARTREE INDIAN LAND SC",3.24,"Merchandise"
04/04/2025,04/04/2025,"2LEVY@SPECTRUM CTR-S4 CHARLOTTE NC",10.81,"Restaurants"
04/04/2025,04/04/2025,"2LEVY@SPECTRUM CTR-S4 CHARLOTTE NC",12.90,"Restaurants"
04/04/2025,04/04/2025,"PARKMOBILE PMR 770-818-9036 GA970363744",11.20,"Services"
04/05/2025,04/05/2025,"2CHARLOTE ARNA CHARLOTTE NC",12.36,"Restaurants"
04/05/2025,04/05/2025,"INTUIT *TURBOTAX CL.INTUIT.COMCA32110A1743875692385L6F",271.00,"Merchandise"
04/06/2025,04/06/2025,"ACTIVE N FIT NOW 844-646-2746 CA",56.00,"Travel/ Entertainment"
04/06/2025,04/06/2025,"HARRIS TEETER #0317 CHARLOTTE NC",16.08,"Supermarkets"
04/06/2025,04/06/2025,"WALMART STORE 04237 INDIAN LAND SC",20.88,"Merchandise"
04/08/2025,04/08/2025,"LA SHISH KABOB CHARLOTTE NC",16.18,"Restaurants"
